year,round,race_name,circuit_id,driver_id,driver_code,constructor_id,quali_position,q1_time,q2_time,q3_time
2016,1,Australian Grand Prix,albert_park,hamilton,HAM,mercedes,1,1:25.351,1:24.605,1:23.837
2016,1,Australian Grand Prix,albert_park,rosberg,ROS,mercedes,2,1:26.934,1:24.796,1:24.197
2016,1,Australian Grand Prix,albert_park,vettel,VET,ferrari,3,1:26.945,1:25.257,1:24.675
2016,1,Australian Grand Prix,albert_park,raikkonen,RAI,ferrari,4,1:26.579,1:25.615,1:25.033
2016,1,Australian Grand Prix,albert_park,max_verstappen,VER,toro_rosso,5,1:26.934,1:25.615,1:25.434
2016,1,Australian Grand Prix,albert_park,massa,MAS,williams,6,1:25.918,1:25.644,1:25.458
2016,1,Australian Grand Prix,albert_park,sainz,SAI,toro_rosso,7,1:27.057,1:25.384,1:25.582
2016,1,Australian Grand Prix,albert_park,ricciardo,RIC,red_bull,8,1:26.945,1:25.599,1:25.589
2016,1,Australian Grand Prix,albert_park,perez,PER,force_india,9,1:26.607,1:25.753,
2016,1,Australian Grand Prix,albert_park,hulkenberg,HUL,force_india,10,1:26.550,1:25.865,
2016,1,Australian Grand Prix,albert_park,bottas,BOT,williams,11,1:27.135,1:25.961,
2016,1,Australian Grand Prix,albert_park,alonso,ALO,mclaren,12,1:26.537,1:26.125,
2016,1,Australian Grand Prix,albert_park,button,BUT,mclaren,13,1:26.740,1:26.304,
2016,1,Australian Grand Prix,albert_park,jolyon_palmer,PAL,renault,14,1:27.241,1:27.601,
2016,1,Australian Grand Prix,albert_park,kevin_magnussen,MAG,renault,15,1:27.297,1:27.742,
2016,1,Australian Grand Prix,albert_park,ericsson,ERI,sauber,16,1:27.435,,
2016,1,Australian Grand Prix,albert_park,nasr,NAS,sauber,17,1:27.958,,
2016,1,Australian Grand Prix,albert_park,kvyat,KVY,red_bull,18,1:28.006,,
2016,1,Australian Grand Prix,albert_park,grosjean,GRO,haas,19,1:28.322,,
2016,1,Australian Grand Prix,albert_park,gutierrez,GUT,haas,20,1:29.606,,
2016,1,Australian Grand Prix,albert_park,haryanto,HAR,manor,21,1:29.627,,
2016,1,Australian Grand Prix,albert_park,wehrlein,WEH,manor,22,1:29.642,,
2016,2,Bahrain Grand Prix,bahrain,hamilton,HAM,mercedes,1,1:31.391,1:30.039,1:29.493
2016,2,Bahrain Grand Prix,bahrain,rosberg,ROS,mercedes,2,1:31.325,1:30.535,1:29.570
2016,2,Bahrain Grand Prix,bahrain,vettel,VET,ferrari,3,1:31.636,1:30.409,1:30.012
2016,2,Bahrain Grand Prix,bahrain,raikkonen,RAI,ferrari,4,1:31.685,1:30.559,1:30.244
2016,2,Bahrain Grand Prix,bahrain,ricciardo,RIC,red_bull,5,1:31.403,1:31.122,1:30.854
2016,2,Bahrain Grand Prix,bahrain,bottas,BOT,williams,6,1:31.672,1:30.931,1:31.153
2016,2,Bahrain Grand Prix,bahrain,massa,MAS,williams,7,1:32.045,1:31.374,1:31.155
2016,2,Bahrain Grand Prix,bahrain,hulkenberg,HUL,force_india,8,1:31.987,1:31.604,1:31.620
2016,2,Bahrain Grand Prix,bahrain,grosjean,GRO,haas,9,1:32.005,1:31.756,
2016,2,Bahrain Grand Prix,bahrain,max_verstappen,VER,toro_rosso,10,1:31.888,1:31.772,
2016,2,Bahrain Grand Prix,bahrain,sainz,SAI,toro_rosso,11,1:31.716,1:31.816,
2016,2,Bahrain Grand Prix,bahrain,vandoorne,VAN,mclaren,12,1:32.472,1:31.934,
2016,2,Bahrain Grand Prix,bahrain,gutierrez,GUT,haas,13,1:32.118,1:31.945,
2016,2,Bahrain Grand Prix,bahrain,button,BUT,mclaren,14,1:31.976,1:31.998,
2016,2,Bahrain Grand Prix,bahrain,kvyat,KVY,red_bull,15,1:32.559,1:32.241,
2016,2,Bahrain Grand Prix,bahrain,wehrlein,WEH,manor,16,1:32.806,,
2016,2,Bahrain Grand Prix,bahrain,ericsson,ERI,sauber,17,1:32.840,,
2016,2,Bahrain Grand Prix,bahrain,perez,PER,force_india,18,1:32.911,,
2016,2,Bahrain Grand Prix,bahrain,kevin_magnussen,MAG,renault,19,1:33.181,,
2016,2,Bahrain Grand Prix,bahrain,jolyon_palmer,PAL,renault,20,1:33.438,,
2016,2,Bahrain Grand Prix,bahrain,haryanto,HAR,manor,21,1:34.190,,
2016,2,Bahrain Grand Prix,bahrain,nasr,NAS,sauber,22,1:34.388,,
2016,3,Chinese Grand Prix,shanghai,rosberg,ROS,mercedes,1,1:37.669,1:36.240,1:35.402
2016,3,Chinese Grand Prix,shanghai,ricciardo,RIC,red_bull,2,1:37.672,1:36.815,1:35.917
2016,3,Chinese Grand Prix,shanghai,raikkonen,RAI,ferrari,3,1:37.347,1:36.118,1:35.972
2016,3,Chinese Grand Prix,shanghai,vettel,VET,ferrari,4,1:37.001,1:36.183,1:36.246
2016,3,Chinese Grand Prix,shanghai,bottas,BOT,williams,5,1:37.537,1:36.831,1:36.296
2016,3,Chinese Grand Prix,shanghai,kvyat,KVY,red_bull,6,1:37.719,1:36.948,1:36.399
2016,3,Chinese Grand Prix,shanghai,perez,PER,force_india,7,1:38.096,1:37.149,1:36.865
2016,3,Chinese Grand Prix,shanghai,sainz,SAI,toro_rosso,8,1:37.656,1:37.204,1:36.881
2016,3,Chinese Grand Prix,shanghai,max_verstappen,VER,toro_rosso,9,1:38.181,1:37.265,1:37.194
2016,3,Chinese Grand Prix,shanghai,hulkenberg,HUL,force_india,10,1:38.165,1:37.333,
2016,3,Chinese Grand Prix,shanghai,massa,MAS,williams,11,1:38.016,1:37.347,
2016,3,Chinese Grand Prix,shanghai,alonso,ALO,mclaren,12,1:38.451,1:38.826,
2016,3,Chinese Grand Prix,shanghai,button,BUT,mclaren,13,1:37.593,1:39.093,
2016,3,Chinese Grand Prix,shanghai,grosjean,GRO,haas,14,1:38.425,1:39.830,
2016,3,Chinese Grand Prix,shanghai,ericsson,ERI,sauber,15,1:38.321,1:40.742,
2016,3,Chinese Grand Prix,shanghai,nasr,NAS,sauber,16,1:38.654,1:42.430,
2016,3,Chinese Grand Prix,shanghai,kevin_magnussen,MAG,renault,17,1:38.673,,
2016,3,Chinese Grand Prix,shanghai,gutierrez,GUT,haas,18,1:38.770,,
2016,3,Chinese Grand Prix,shanghai,jolyon_palmer,PAL,renault,19,1:39.528,,
2016,3,Chinese Grand Prix,shanghai,haryanto,HAR,manor,20,1:40.264,,
2016,3,Chinese Grand Prix,shanghai,wehrlein,WEH,manor,21,,,
2016,3,Chinese Grand Prix,shanghai,hamilton,HAM,mercedes,22,,,
2016,4,Russian Grand Prix,sochi,rosberg,ROS,mercedes,1,1:36.119,1:35.337,1:35.417
2016,4,Russian Grand Prix,sochi,vettel,VET,ferrari,2,1:36.555,1:36.623,1:36.123
2016,4,Russian Grand Prix,sochi,bottas,BOT,williams,3,1:37.746,1:37.140,1:36.536
2016,4,Russian Grand Prix,sochi,raikkonen,RAI,ferrari,4,1:36.976,1:36.741,1:36.663
2016,4,Russian Grand Prix,sochi,massa,MAS,williams,5,1:37.753,1:37.230,1:37.016
2016,4,Russian Grand Prix,sochi,ricciardo,RIC,red_bull,6,1:38.091,1:37.569,1:37.125
2016,4,Russian Grand Prix,sochi,perez,PER,force_india,7,1:38.006,1:37.282,1:37.212
2016,4,Russian Grand Prix,sochi,kvyat,KVY,red_bull,8,1:38.265,1:37.606,1:37.459
2016,4,Russian Grand Prix,sochi,max_verstappen,VER,toro_rosso,9,1:38.123,1:37.510,1:37.583
2016,4,Russian Grand Prix,sochi,hamilton,HAM,mercedes,10,1:36.006,1:35.820,
2016,4,Russian Grand Prix,sochi,sainz,SAI,toro_rosso,11,1:37.784,1:37.652,
2016,4,Russian Grand Prix,sochi,button,BUT,mclaren,12,1:38.332,1:37.701,
2016,4,Russian Grand Prix,sochi,hulkenberg,HUL,force_india,13,1:38.562,1:37.771,
2016,4,Russian Grand Prix,sochi,alonso,ALO,mclaren,14,1:37.971,1:37.807,
2016,4,Russian Grand Prix,sochi,grosjean,GRO,haas,15,1:38.383,1:38.055,
2016,4,Russian Grand Prix,sochi,gutierrez,GUT,haas,16,1:38.678,1:38.115,
2016,4,Russian Grand Prix,sochi,kevin_magnussen,MAG,renault,17,1:38.914,,
2016,4,Russian Grand Prix,sochi,jolyon_palmer,PAL,renault,18,1:39.009,,
2016,4,Russian Grand Prix,sochi,nasr,NAS,sauber,19,1:39.018,,
2016,4,Russian Grand Prix,sochi,wehrlein,WEH,manor,20,1:39.399,,
2016,4,Russian Grand Prix,sochi,haryanto,HAR,manor,21,1:39.463,,
2016,4,Russian Grand Prix,sochi,ericsson,ERI,sauber,22,1:39.519,,
2016,5,Spanish Grand Prix,catalunya,hamilton,HAM,mercedes,1,1:23.214,1:22.159,1:22.000
2016,5,Spanish Grand Prix,catalunya,rosberg,ROS,mercedes,2,1:23.002,1:22.759,1:22.280
2016,5,Spanish Grand Prix,catalunya,ricciardo,RIC,red_bull,3,1:23.749,1:23.585,1:22.680
2016,5,Spanish Grand Prix,catalunya,max_verstappen,VER,red_bull,4,1:23.578,1:23.178,1:23.087
2016,5,Spanish Grand Prix,catalunya,raikkonen,RAI,ferrari,5,1:23.796,1:23.504,1:23.113
2016,5,Spanish Grand Prix,catalunya,vettel,VET,ferrari,6,1:24.124,1:23.688,1:23.334
2016,5,Spanish Grand Prix,catalunya,bottas,BOT,williams,7,1:24.251,1:24.023,1:23.522
2016,5,Spanish Grand Prix,catalunya,sainz,SAI,toro_rosso,8,1:24.496,1:24.077,1:23.643
2016,5,Spanish Grand Prix,catalunya,perez,PER,force_india,9,1:24.698,1:24.003,1:23.782
2016,5,Spanish Grand Prix,catalunya,alonso,ALO,mclaren,10,1:24.578,1:24.192,1:23.981
2016,5,Spanish Grand Prix,catalunya,hulkenberg,HUL,force_india,11,1:24.463,1:24.203,
2016,5,Spanish Grand Prix,catalunya,button,BUT,mclaren,12,1:24.583,1:24.348,
2017,1,Australian Grand Prix,albert_park,hamilton,HAM,mercedes,1,1:24.191,1:23.251,1:22.188
2017,1,Australian Grand Prix,albert_park,vettel,VET,ferrari,2,1:25.210,1:23.401,1:22.456
2017,1,Australian Grand Prix,albert_park,bottas,BOT,mercedes,3,1:24.514,1:23.215,1:22.481
2017,1,Australian Grand Prix,albert_park,raikkonen,RAI,ferrari,4,1:24.352,1:23.376,1:23.033
2017,1,Australian Grand Prix,albert_park,max_verstappen,VER,red_bull,5,1:24.482,1:24.092,1:23.485
2017,1,Australian Grand Prix,albert_park,grosjean,GRO,haas,6,1:25.419,1:24.718,1:24.074
2017,1,Australian Grand Prix,albert_park,massa,MAS,williams,7,1:25.099,1:24.597,1:24.443
2017,1,Australian Grand Prix,albert_park,sainz,SAI,toro_rosso,8,1:25.542,1:24.997,1:24.487
2017,1,Australian Grand Prix,albert_park,kvyat,KVY,toro_rosso,9,1:25.970,1:24.864,1:24.512
2017,1,Australian Grand Prix,albert_park,ricciardo,RIC,red_bull,10,1:25.383,1:23.989,
2017,1,Australian Grand Prix,albert_park,perez,PER,force_india,11,1:25.064,1:25.081,
2017,1,Australian Grand Prix,albert_park,hulkenberg,HUL,renault,12,1:24.975,1:25.091,
2017,1,Australian Grand Prix,albert_park,alonso,ALO,mclaren,13,1:25.872,1:25.425,
2017,1,Australian Grand Prix,albert_park,ocon,OCO,force_india,14,1:26.009,1:25.568,
2017,1,Australian Grand Prix,albert_park,ericsson,ERI,sauber,15,1:26.236,1:26.465,
2017,1,Australian Grand Prix,albert_park,giovinazzi,GIO,sauber,16,1:26.419,,
2017,1,Australian Grand Prix,albert_park,kevin_magnussen,MAG,haas,17,1:26.847,,
2017,1,Australian Grand Prix,albert_park,vandoorne,VAN,mclaren,18,1:26.858,,
2017,1,Australian Grand Prix,albert_park,stroll,STR,williams,19,1:27.143,,
2017,1,Australian Grand Prix,albert_park,jolyon_palmer,PAL,renault,20,1:28.244,,
2017,2,Chinese Grand Prix,shanghai,hamilton,HAM,mercedes,1,1:33.333,1:32.406,1:31.678
2017,2,Chinese Grand Prix,shanghai,vettel,VET,ferrari,2,1:33.078,1:32.391,1:31.864
2017,2,Chinese Grand Prix,shanghai,bottas,BOT,mercedes,3,1:33.684,1:32.552,1:31.865
2017,2,Chinese Grand Prix,shanghai,raikkonen,RAI,ferrari,4,1:33.341,1:32.181,1:32.140
2017,2,Chinese Grand Prix,shanghai,ricciardo,RIC,red_bull,5,1:34.041,1:33.546,1:33.033
2017,2,Chinese Grand Prix,shanghai,massa,MAS,williams,6,1:34.205,1:33.759,1:33.507
2017,2,Chinese Grand Prix,shanghai,hulkenberg,HUL,renault,7,1:34.453,1:33.636,1:33.580
2017,2,Chinese Grand Prix,shanghai,perez,PER,force_india,8,1:34.657,1:33.920,1:33.706
2017,2,Chinese Grand Prix,shanghai,kvyat,KVY,toro_rosso,9,1:34.440,1:34.034,1:33.719
2017,2,Chinese Grand Prix,shanghai,stroll,STR,williams,10,1:33.986,1:34.090,1:34.220
2017,2,Chinese Grand Prix,shanghai,sainz,SAI,toro_rosso,11,1:34.567,1:34.150,
2017,2,Chinese Grand Prix,shanghai,kevin_magnussen,MAG,haas,12,1:34.942,1:34.164,
2017,2,Chinese Grand Prix,shanghai,alonso,ALO,mclaren,13,1:34.499,1:34.372,
2017,2,Chinese Grand Prix,shanghai,ericsson,ERI,sauber,14,1:34.892,1:35.046,
2017,2,Chinese Grand Prix,shanghai,giovinazzi,GIO,sauber,15,1:34.963,,
2017,2,Chinese Grand Prix,shanghai,vandoorne,VAN,mclaren,16,1:35.023,,
2017,2,Chinese Grand Prix,shanghai,grosjean,GRO,haas,17,1:35.223,,
2017,2,Chinese Grand Prix,shanghai,jolyon_palmer,PAL,renault,18,1:35.279,,
2017,2,Chinese Grand Prix,shanghai,max_verstappen,VER,red_bull,19,1:35.433,,
2017,2,Chinese Grand Prix,shanghai,ocon,OCO,force_india,20,1:35.496,,
2017,3,Bahrain Grand Prix,bahrain,bottas,BOT,mercedes,1,1:31.041,1:29.555,1:28.769
2017,3,Bahrain Grand Prix,bahrain,hamilton,HAM,mercedes,2,1:30.814,1:29.535,1:28.792
2017,3,Bahrain Grand Prix,bahrain,vettel,VET,ferrari,3,1:31.037,1:29.596,1:29.247
2017,3,Bahrain Grand Prix,bahrain,ricciardo,RIC,red_bull,4,1:31.667,1:30.497,1:29.545
2017,3,Bahrain Grand Prix,bahrain,raikkonen,RAI,ferrari,5,1:30.988,1:29.843,1:29.567
2017,3,Bahrain Grand Prix,bahrain,max_verstappen,VER,red_bull,6,1:30.904,1:30.307,1:29.687
2017,3,Bahrain Grand Prix,bahrain,hulkenberg,HUL,renault,7,1:31.057,1:30.169,1:29.842
2017,3,Bahrain Grand Prix,bahrain,massa,MAS,williams,8,1:31.373,1:30.677,1:30.074
2017,3,Bahrain Grand Prix,bahrain,grosjean,GRO,haas,9,1:31.691,1:30.857,1:30.763
2017,3,Bahrain Grand Prix,bahrain,jolyon_palmer,PAL,renault,10,1:31.458,1:30.899,1:31.074
2017,3,Bahrain Grand Prix,bahrain,kvyat,KVY,toro_rosso,11,1:31.531,1:30.923,
2017,3,Bahrain Grand Prix,bahrain,stroll,STR,williams,12,1:31.748,1:31.168,
2017,3,Bahrain Grand Prix,bahrain,wehrlein,WEH,sauber,13,1:31.995,1:31.414,
2017,3,Bahrain Grand Prix,bahrain,ocon,OCO,force_india,14,1:31.774,1:31.684,
2017,3,Bahrain Grand Prix,bahrain,alonso,ALO,mclaren,15,1:32.054,,
2017,3,Bahrain Grand Prix,bahrain,sainz,SAI,toro_rosso,16,1:32.118,,
2017,3,Bahrain Grand Prix,bahrain,vandoorne,VAN,mclaren,17,1:32.313,,
2017,3,Bahrain Grand Prix,bahrain,perez,PER,force_india,18,1:32.318,,
2017,3,Bahrain Grand Prix,bahrain,ericsson,ERI,sauber,19,1:32.543,,
2017,3,Bahrain Grand Prix,bahrain,kevin_magnussen,MAG,haas,20,1:32.900,,
2017,4,Russian Grand Prix,sochi,vettel,VET,ferrari,1,1:34.493,1:34.038,1:33.194
2017,4,Russian Grand Prix,sochi,raikkonen,RAI,ferrari,2,1:34.953,1:33.663,1:33.253
2017,4,Russian Grand Prix,sochi,bottas,BOT,mercedes,3,1:34.041,1:33.264,1:33.289
2017,4,Russian Grand Prix,sochi,hamilton,HAM,mercedes,4,1:34.409,1:33.760,1:33.767
2017,4,Russian Grand Prix,sochi,ricciardo,RIC,red_bull,5,1:35.560,1:35.483,1:34.905
2017,4,Russian Grand Prix,sochi,massa,MAS,williams,6,1:35.828,1:35.049,1:35.110
2017,4,Russian Grand Prix,sochi,max_verstappen,VER,red_bull,7,1:35.301,1:35.221,1:35.161
2017,4,Russian Grand Prix,sochi,hulkenberg,HUL,renault,8,1:35.507,1:35.328,1:35.285
2017,4,Russian Grand Prix,sochi,perez,PER,force_india,9,1:36.185,1:35.513,1:35.337
2017,4,Russian Grand Prix,sochi,ocon,OCO,force_india,10,1:35.372,1:35.729,1:35.430
2017,4,Russian Grand Prix,sochi,sainz,SAI,toro_rosso,11,1:35.827,1:35.948,
2017,4,Russian Grand Prix,sochi,stroll,STR,williams,12,1:36.279,1:35.964,
2017,4,Russian Grand Prix,sochi,kvyat,KVY,toro_rosso,13,1:35.984,1:35.968,
2017,4,Russian Grand Prix,sochi,kevin_magnussen,MAG,haas,14,1:36.408,1:36.017,
2017,4,Russian Grand Prix,sochi,alonso,ALO,mclaren,15,1:36.353,1:36.660,
2017,4,Russian Grand Prix,sochi,jolyon_palmer,PAL,renault,16,1:36.462,,
2017,4,Russian Grand Prix,sochi,vandoorne,VAN,mclaren,17,1:37.070,,
2017,4,Russian Grand Prix,sochi,wehrlein,WEH,sauber,18,1:37.332,,
2017,4,Russian Grand Prix,sochi,ericsson,ERI,sauber,19,1:37.507,,
2017,4,Russian Grand Prix,sochi,grosjean,GRO,haas,20,1:37.620,,
2017,5,Spanish Grand Prix,catalunya,hamilton,HAM,mercedes,1,1:20.511,1:20.210,1:19.149
2017,5,Spanish Grand Prix,catalunya,vettel,VET,ferrari,2,1:20.939,1:20.295,1:19.200
2017,5,Spanish Grand Prix,catalunya,bottas,BOT,mercedes,3,1:20.991,1:20.300,1:19.373
2017,5,Spanish Grand Prix,catalunya,raikkonen,RAI,ferrari,4,1:20.742,1:20.621,1:19.439
2017,5,Spanish Grand Prix,catalunya,max_verstappen,VER,red_bull,5,1:21.430,1:20.722,1:19.706
2017,5,Spanish Grand Prix,catalunya,ricciardo,RIC,red_bull,6,1:21.704,1:20.855,1:20.175
2017,5,Spanish Grand Prix,catalunya,alonso,ALO,mclaren,7,1:22.015,1:21.251,1:21.048
2017,5,Spanish Grand Prix,catalunya,perez,PER,force_india,8,1:21.998,1:21.239,1:21.070
2017,5,Spanish Grand Prix,catalunya,massa,MAS,williams,9,1:22.138,1:21.222,1:21.232
2017,5,Spanish Grand Prix,catalunya,ocon,OCO,force_india,10,1:21.901,1:21.148,1:21.272
2017,5,Spanish Grand Prix,catalunya,kevin_magnussen,MAG,haas,11,1:21.945,1:21.329,
2017,5,Spanish Grand Prix,catalunya,sainz,SAI,toro_rosso,12,1:21.941,1:21.371,
2017,5,Spanish Grand Prix,catalunya,hulkenberg,HUL,renault,13,1:22.091,1:21.397,
2017,5,Spanish Grand Prix,catalunya,grosjean,GRO,haas,14,1:21.822,1:21.517,
2017,5,Spanish Grand Prix,catalunya,wehrlein,WEH,sauber,15,1:22.327,1:21.803,
2017,5,Spanish Grand Prix,catalunya,ericsson,ERI,sauber,16,1:22.332,,
2017,5,Spanish Grand Prix,catalunya,jolyon_palmer,PAL,renault,17,1:22.401,,
2017,5,Spanish Grand Prix,catalunya,stroll,STR,williams,18,1:22.411,,
2017,5,Spanish Grand Prix,catalunya,vandoorne,VAN,mclaren,19,1:22.532,,
2017,5,Spanish Grand Prix,catalunya,kvyat,KVY,toro_rosso,20,1:22.746,,
2018,1,Australian Grand Prix,albert_park,hamilton,HAM,mercedes,1,1:22.824,1:22.051,1:21.164
2018,1,Australian Grand Prix,albert_park,raikkonen,RAI,ferrari,2,1:23.096,1:22.507,1:21.828
2018,1,Australian Grand Prix,albert_park,vettel,VET,ferrari,3,1:23.348,1:21.944,1:21.838
2018,1,Australian Grand Prix,albert_park,max_verstappen,VER,red_bull,4,1:23.483,1:22.416,1:21.879
2018,1,Australian Grand Prix,albert_park,ricciardo,RIC,red_bull,5,1:23.494,1:22.897,1:22.152
2018,1,Australian Grand Prix,albert_park,kevin_magnussen,MAG,haas,6,1:23.909,1:23.300,1:23.187
2018,1,Australian Grand Prix,albert_park,grosjean,GRO,haas,7,1:23.671,1:23.468,1:23.339
2018,1,Australian Grand Prix,albert_park,hulkenberg,HUL,renault,8,1:23.782,1:23.544,1:23.532
2018,1,Australian Grand Prix,albert_park,sainz,SAI,renault,9,1:23.529,1:23.061,1:23.577
2018,1,Australian Grand Prix,albert_park,bottas,BOT,mercedes,10,1:23.686,1:22.089,
2018,1,Australian Grand Prix,albert_park,alonso,ALO,mclaren,11,1:23.597,1:23.692,
2018,1,Australian Grand Prix,albert_park,vandoorne,VAN,mclaren,12,1:24.073,1:23.853,
2018,1,Australian Grand Prix,albert_park,perez,PER,force_india,13,1:24.344,1:24.005,
2018,1,Australian Grand Prix,albert_park,stroll,STR,williams,14,1:24.464,1:24.230,
2018,1,Australian Grand Prix,albert_park,ocon,OCO,force_india,15,1:24.503,1:24.786,
2018,1,Australian Grand Prix,albert_park,brendon_hartley,HAR,toro_rosso,16,1:24.532,,
2018,1,Australian Grand Prix,albert_park,ericsson,ERI,sauber,17,1:24.556,,
2018,1,Australian Grand Prix,albert_park,leclerc,LEC,sauber,18,1:24.636,,
2018,1,Australian Grand Prix,albert_park,sirotkin,SIR,williams,19,1:24.922,,
2018,1,Australian Grand Prix,albert_park,gasly,GAS,toro_rosso,20,1:25.295,,
2018,2,Bahrain Grand Prix,bahrain,vettel,VET,ferrari,1,1:29.060,1:28.341,1:27.958
2018,2,Bahrain Grand Prix,bahrain,raikkonen,RAI,ferrari,2,1:28.951,1:28.515,1:28.101
2018,2,Bahrain Grand Prix,bahrain,bottas,BOT,mercedes,3,1:29.275,1:28.794,1:28.124
2018,2,Bahrain Grand Prix,bahrain,hamilton,HAM,mercedes,4,1:29.396,1:28.458,1:28.220
2018,2,Bahrain Grand Prix,bahrain,ricciardo,RIC,red_bull,5,1:29.552,1:28.962,1:28.398
2018,2,Bahrain Grand Prix,bahrain,gasly,GAS,toro_rosso,6,1:30.121,1:29.836,1:29.329
2018,2,Bahrain Grand Prix,bahrain,kevin_magnussen,MAG,haas,7,1:29.594,1:29.623,1:29.358
2018,2,Bahrain Grand Prix,bahrain,hulkenberg,HUL,renault,8,1:30.260,1:29.187,1:29.570
2018,2,Bahrain Grand Prix,bahrain,ocon,OCO,force_india,9,1:30.338,1:30.009,1:29.874
2018,2,Bahrain Grand Prix,bahrain,sainz,SAI,renault,10,1:29.893,1:29.802,1:29.986
2018,2,Bahrain Grand Prix,bahrain,brendon_hartley,HAR,toro_rosso,11,1:30.412,1:30.105,
2018,2,Bahrain Grand Prix,bahrain,perez,PER,force_india,12,1:30.218,1:30.156,
2018,2,Bahrain Grand Prix,bahrain,alonso,ALO,mclaren,13,1:30.530,1:30.212,
2018,2,Bahrain Grand Prix,bahrain,vandoorne,VAN,mclaren,14,1:30.479,1:30.525,
2018,2,Bahrain Grand Prix,bahrain,max_verstappen,VER,red_bull,15,1:29.374,,
2018,2,Bahrain Grand Prix,bahrain,grosjean,GRO,haas,16,1:30.530,,
2018,2,Bahrain Grand Prix,bahrain,ericsson,ERI,sauber,17,1:31.063,,
2018,2,Bahrain Grand Prix,bahrain,sirotkin,SIR,williams,18,1:31.414,,
2018,2,Bahrain Grand Prix,bahrain,leclerc,LEC,sauber,19,1:31.420,,
2018,2,Bahrain Grand Prix,bahrain,stroll,STR,williams,20,1:31.503,,
2018,3,Chinese Grand Prix,shanghai,vettel,VET,ferrari,1,1:32.171,1:32.385,1:31.095
2018,3,Chinese Grand Prix,shanghai,raikkonen,RAI,ferrari,2,1:32.474,1:32.286,1:31.182
2018,3,Chinese Grand Prix,shanghai,bottas,BOT,mercedes,3,1:32.921,1:32.063,1:31.625
2018,3,Chinese Grand Prix,shanghai,hamilton,HAM,mercedes,4,1:33.283,1:31.914,1:31.675
2018,3,Chinese Grand Prix,shanghai,max_verstappen,VER,red_bull,5,1:32.932,1:32.809,1:31.796
2018,3,Chinese Grand Prix,shanghai,ricciardo,RIC,red_bull,6,1:33.877,1:32.688,1:31.948
2018,3,Chinese Grand Prix,shanghai,hulkenberg,HUL,renault,7,1:33.545,1:32.494,1:32.532
2018,3,Chinese Grand Prix,shanghai,perez,PER,force_india,8,1:33.464,1:32.931,1:32.758
2018,3,Chinese Grand Prix,shanghai,sainz,SAI,renault,9,1:33.315,1:32.970,1:32.819
2018,3,Chinese Grand Prix,shanghai,grosjean,GRO,haas,10,1:33.238,1:32.524,1:32.855
2018,3,Chinese Grand Prix,shanghai,kevin_magnussen,MAG,haas,11,1:33.359,1:32.986,
2018,3,Chinese Grand Prix,shanghai,ocon,OCO,force_india,12,1:33.585,1:33.057,
2018,3,Chinese Grand Prix,shanghai,alonso,ALO,mclaren,13,1:33.428,1:33.232,
2018,3,Chinese Grand Prix,shanghai,vandoorne,VAN,mclaren,14,1:33.824,1:33.505,
2018,3,Chinese Grand Prix,shanghai,brendon_hartley,HAR,toro_rosso,15,1:34.013,1:33.795,
2018,3,Chinese Grand Prix,shanghai,sirotkin,SIR,williams,16,1:34.062,,
2018,3,Chinese Grand Prix,shanghai,gasly,GAS,toro_rosso,17,1:34.101,,
2018,3,Chinese Grand Prix,shanghai,stroll,STR,williams,18,1:34.285,,
2018,3,Chinese Grand Prix,shanghai,leclerc,LEC,sauber,19,1:34.454,,
2018,3,Chinese Grand Prix,shanghai,ericsson,ERI,sauber,20,1:34.914,,
2018,4,Azerbaijan Grand Prix,baku,vettel,VET,ferrari,1,1:42.762,1:43.015,1:41.498
2018,4,Azerbaijan Grand Prix,baku,hamilton,HAM,mercedes,2,1:42.693,1:42.676,1:41.677
2018,4,Azerbaijan Grand Prix,baku,bottas,BOT,mercedes,3,1:43.355,1:42.679,1:41.837
2018,4,Azerbaijan Grand Prix,baku,ricciardo,RIC,red_bull,4,1:42.857,1:43.482,1:41.911
2018,4,Azerbaijan Grand Prix,baku,max_verstappen,VER,red_bull,5,1:42.642,1:42.901,1:41.994
2018,4,Azerbaijan Grand Prix,baku,raikkonen,RAI,ferrari,6,1:42.538,1:42.510,1:42.490
2018,4,Azerbaijan Grand Prix,baku,ocon,OCO,force_india,7,1:43.021,1:42.967,1:42.523
2018,4,Azerbaijan Grand Prix,baku,perez,PER,force_india,8,1:43.992,1:43.366,1:42.547
2018,4,Azerbaijan Grand Prix,baku,hulkenberg,HUL,renault,9,1:43.746,1:43.232,1:43.066
2018,4,Azerbaijan Grand Prix,baku,sainz,SAI,renault,10,1:43.426,1:43.464,1:43.351
2018,4,Azerbaijan Grand Prix,baku,stroll,STR,williams,11,1:44.359,1:43.585,
2018,4,Azerbaijan Grand Prix,baku,sirotkin,SIR,williams,12,1:44.261,1:43.886,
2018,4,Azerbaijan Grand Prix,baku,alonso,ALO,mclaren,13,1:44.010,1:44.019,
2018,4,Azerbaijan Grand Prix,baku,leclerc,LEC,sauber,14,1:43.752,1:44.074,
2018,4,Azerbaijan Grand Prix,baku,kevin_magnussen,MAG,haas,15,1:43.674,1:44.759,
2018,4,Azerbaijan Grand Prix,baku,vandoorne,VAN,mclaren,16,1:44.489,,
2018,4,Azerbaijan Grand Prix,baku,gasly,GAS,toro_rosso,17,1:44.496,,
2018,4,Azerbaijan Grand Prix,baku,ericsson,ERI,sauber,18,1:45.541,,
2018,4,Azerbaijan Grand Prix,baku,brendon_hartley,HAR,toro_rosso,19,1:57.354,,
2018,4,Azerbaijan Grand Prix,baku,grosjean,GRO,haas,20,,,
2018,5,Spanish Grand Prix,catalunya,hamilton,HAM,mercedes,1,1:17.633,1:17.166,1:16.173
2018,5,Spanish Grand Prix,catalunya,bottas,BOT,mercedes,2,1:17.674,1:17.111,1:16.213
2018,5,Spanish Grand Prix,catalunya,vettel,VET,ferrari,3,1:17.031,1:16.802,1:16.305
2018,5,Spanish Grand Prix,catalunya,raikkonen,RAI,ferrari,4,1:17.483,1:17.071,1:16.612
2018,5,Spanish Grand Prix,catalunya,max_verstappen,VER,red_bull,5,1:17.411,1:17.266,1:16.816
2018,5,Spanish Grand Prix,catalunya,ricciardo,RIC,red_bull,6,1:17.623,1:17.638,1:16.818
2018,5,Spanish Grand Prix,catalunya,kevin_magnussen,MAG,haas,7,1:18.169,1:17.618,1:17.676
2018,5,Spanish Grand Prix,catalunya,alonso,ALO,mclaren,8,1:18.276,1:18.100,1:17.721
2018,5,Spanish Grand Prix,catalunya,sainz,SAI,renault,9,1:18.480,1:17.803,1:17.790
2018,5,Spanish Grand Prix,catalunya,grosjean,GRO,haas,10,1:18.305,1:17.699,1:17.835
2018,5,Spanish Grand Prix,catalunya,vandoorne,VAN,mclaren,11,1:18.885,1:18.323,
2018,5,Spanish Grand Prix,catalunya,gasly,GAS,toro_rosso,12,1:18.550,1:18.463,
2018,5,Spanish Grand Prix,catalunya,ocon,OCO,force_india,13,1:18.813,1:18.696,
2018,5,Spanish Grand Prix,catalunya,leclerc,LEC,sauber,14,1:18.661,1:18.910,
2018,5,Spanish Grand Prix,catalunya,perez,PER,force_india,15,1:18.740,1:19.098,
2018,5,Spanish Grand Prix,catalunya,hulkenberg,HUL,renault,16,1:18.923,,
2018,5,Spanish Grand Prix,catalunya,ericsson,ERI,sauber,17,1:19.493,,
2018,5,Spanish Grand Prix,catalunya,sirotkin,SIR,williams,18,1:19.695,,
2018,5,Spanish Grand Prix,catalunya,stroll,STR,williams,19,1:20.225,,
2018,5,Spanish Grand Prix,catalunya,brendon_hartley,HAR,toro_rosso,20,,,
2019,1,Australian Grand Prix,albert_park,hamilton,HAM,mercedes,1,1:22.043,1:21.014,1:20.486
2019,1,Australian Grand Prix,albert_park,bottas,BOT,mercedes,2,1:22.367,1:21.193,1:20.598
2019,1,Australian Grand Prix,albert_park,vettel,VET,ferrari,3,1:22.885,1:21.912,1:21.190
2019,1,Australian Grand Prix,albert_park,max_verstappen,VER,red_bull,4,1:22.876,1:21.678,1:21.320
2019,1,Australian Grand Prix,albert_park,leclerc,LEC,ferrari,5,1:22.017,1:21.739,1:21.442
2019,1,Australian Grand Prix,albert_park,grosjean,GRO,haas,6,1:22.959,1:21.870,1:21.826
2019,1,Australian Grand Prix,albert_park,kevin_magnussen,MAG,haas,7,1:22.519,1:22.221,1:22.099
2019,1,Australian Grand Prix,albert_park,norris,NOR,mclaren,8,1:22.702,1:22.423,1:22.304
2019,1,Australian Grand Prix,albert_park,raikkonen,RAI,alfa,9,1:22.966,1:22.349,1:22.314
2019,1,Australian Grand Prix,albert_park,perez,PER,racing_point,10,1:22.908,1:22.532,1:22.781
2019,1,Australian Grand Prix,albert_park,hulkenberg,HUL,renault,11,1:22.540,1:22.562,
2019,1,Australian Grand Prix,albert_park,ricciardo,RIC,renault,12,1:22.921,1:22.570,
2019,1,Australian Grand Prix,albert_park,albon,ALB,toro_rosso,13,1:22.757,1:22.636,
2019,1,Australian Grand Prix,albert_park,giovinazzi,GIO,alfa,14,1:22.431,1:22.714,
2019,1,Australian Grand Prix,albert_park,kvyat,KVY,toro_rosso,15,1:22.511,1:22.774,
2019,1,Australian Grand Prix,albert_park,stroll,STR,racing_point,16,1:23.017,,
2019,1,Australian Grand Prix,albert_park,gasly,GAS,red_bull,17,1:23.020,,
2019,1,Australian Grand Prix,albert_park,sainz,SAI,mclaren,18,1:23.084,,
2019,1,Australian Grand Prix,albert_park,russell,RUS,williams,19,1:24.360,,
2019,1,Australian Grand Prix,albert_park,kubica,KUB,williams,20,1:26.067,,
2019,2,Bahrain Grand Prix,bahrain,leclerc,LEC,ferrari,1,1:28.495,1:28.046,1:27.866
2019,2,Bahrain Grand Prix,bahrain,vettel,VET,ferrari,2,1:28.733,1:28.356,1:28.160
2019,2,Bahrain Grand Prix,bahrain,hamilton,HAM,mercedes,3,1:29.262,1:28.578,1:28.190
2019,2,Bahrain Grand Prix,bahrain,bottas,BOT,mercedes,4,1:29.498,1:28.830,1:28.256
2019,2,Bahrain Grand Prix,bahrain,max_verstappen,VER,red_bull,5,1:29.579,1:29.109,1:28.752
2019,2,Bahrain Grand Prix,bahrain,kevin_magnussen,MAG,haas,6,1:29.532,1:29.017,1:28.757
2019,2,Bahrain Grand Prix,bahrain,sainz,SAI,mclaren,7,1:29.528,1:29.055,1:28.813
2019,2,Bahrain Grand Prix,bahrain,grosjean,GRO,haas,8,1:29.688,1:29.249,1:29.015
2019,2,Bahrain Grand Prix,bahrain,raikkonen,RAI,alfa,9,1:29.959,1:29.471,1:29.022
2019,2,Bahrain Grand Prix,bahrain,norris,NOR,mclaren,10,1:29.381,1:29.258,1:29.043
2019,2,Bahrain Grand Prix,bahrain,ricciardo,RIC,renault,11,1:29.859,1:29.488,
2019,2,Bahrain Grand Prix,bahrain,albon,ALB,toro_rosso,12,1:29.514,1:29.513,
2019,2,Bahrain Grand Prix,bahrain,gasly,GAS,red_bull,13,1:29.900,1:29.526,
2019,2,Bahrain Grand Prix,bahrain,perez,PER,racing_point,14,1:29.893,1:29.756,
2019,2,Bahrain Grand Prix,bahrain,kvyat,KVY,toro_rosso,15,1:29.876,1:29.854,
2019,2,Bahrain Grand Prix,bahrain,giovinazzi,GIO,alfa,16,1:30.026,,
2019,2,Bahrain Grand Prix,bahrain,hulkenberg,HUL,renault,17,1:30.034,,
2019,2,Bahrain Grand Prix,bahrain,stroll,STR,racing_point,18,1:30.217,,
2019,2,Bahrain Grand Prix,bahrain,russell,RUS,williams,19,1:31.759,,
2019,2,Bahrain Grand Prix,bahrain,kubica,KUB,williams,20,1:31.799,,
2019,3,Chinese Grand Prix,shanghai,bottas,BOT,mercedes,1,1:32.658,1:31.728,1:31.547
2019,3,Chinese Grand Prix,shanghai,hamilton,HAM,mercedes,2,1:33.115,1:31.637,1:31.570
2019,3,Chinese Grand Prix,shanghai,vettel,VET,ferrari,3,1:33.557,1:32.232,1:31.848
2019,3,Chinese Grand Prix,shanghai,leclerc,LEC,ferrari,4,1:32.712,1:32.324,1:31.865
2019,3,Chinese Grand Prix,shanghai,max_verstappen,VER,red_bull,5,1:33.274,1:32.369,1:32.089
2019,3,Chinese Grand Prix,shanghai,gasly,GAS,red_bull,6,1:33.863,1:32.948,1:32.930
2019,3,Chinese Grand Prix,shanghai,ricciardo,RIC,renault,7,1:33.709,1:33.214,1:32.958
2019,3,Chinese Grand Prix,shanghai,hulkenberg,HUL,renault,8,1:33.644,1:33.968,1:32.962
2019,3,Chinese Grand Prix,shanghai,kevin_magnussen,MAG,haas,9,1:34.036,1:33.150,
2019,3,Chinese Grand Prix,shanghai,grosjean,GRO,haas,10,1:33.752,1:33.156,
2019,3,Chinese Grand Prix,shanghai,kvyat,KVY,toro_rosso,11,1:33.783,1:33.236,
2019,3,Chinese Grand Prix,shanghai,perez,PER,racing_point,12,1:34.026,1:33.299,
2019,3,Chinese Grand Prix,shanghai,raikkonen,RAI,alfa,13,1:34.125,1:33.419,
2019,3,Chinese Grand Prix,shanghai,sainz,SAI,mclaren,14,1:33.686,1:33.523,
2019,3,Chinese Grand Prix,shanghai,norris,NOR,mclaren,15,1:34.148,1:33.967,
2019,3,Chinese Grand Prix,shanghai,stroll,STR,racing_point,16,1:34.292,,
2019,3,Chinese Grand Prix,shanghai,russell,RUS,williams,17,1:35.253,,
2019,3,Chinese Grand Prix,shanghai,kubica,KUB,williams,18,1:35.281,,
2019,4,Azerbaijan Grand Prix,baku,bottas,BOT,mercedes,1,1:42.026,1:41.500,1:40.495
2019,4,Azerbaijan Grand Prix,baku,hamilton,HAM,mercedes,2,1:41.614,1:41.580,1:40.554
2019,4,Azerbaijan Grand Prix,baku,vettel,VET,ferrari,3,1:42.042,1:41.889,1:40.797
2019,4,Azerbaijan Grand Prix,baku,max_verstappen,VER,red_bull,4,1:41.727,1:41.388,1:41.069
2019,4,Azerbaijan Grand Prix,baku,perez,PER,racing_point,5,1:42.249,1:41.870,1:41.593
2019,4,Azerbaijan Grand Prix,baku,kvyat,KVY,toro_rosso,6,1:42.324,1:42.221,1:41.681
2019,4,Azerbaijan Grand Prix,baku,norris,NOR,mclaren,7,1:42.371,1:42.084,1:41.886
2019,4,Azerbaijan Grand Prix,baku,giovinazzi,GIO,alfa,8,1:42.140,1:42.381,1:42.424
2019,4,Azerbaijan Grand Prix,baku,leclerc,LEC,ferrari,9,1:41.426,1:41.995,
2019,4,Azerbaijan Grand Prix,baku,sainz,SAI,mclaren,10,1:41.936,1:42.398,
2019,4,Azerbaijan Grand Prix,baku,ricciardo,RIC,renault,11,1:42.486,1:42.477,
2019,4,Azerbaijan Grand Prix,baku,albon,ALB,toro_rosso,12,1:42.154,1:42.494,
2019,4,Azerbaijan Grand Prix,baku,kevin_magnussen,MAG,haas,13,1:42.382,1:42.699,
2019,4,Azerbaijan Grand Prix,baku,stroll,STR,racing_point,14,1:42.630,,
2019,4,Azerbaijan Grand Prix,baku,grosjean,GRO,haas,15,1:43.407,,
2019,4,Azerbaijan Grand Prix,baku,hulkenberg,HUL,renault,16,1:43.427,,
2019,4,Azerbaijan Grand Prix,baku,russell,RUS,williams,17,1:45.062,,
2019,4,Azerbaijan Grand Prix,baku,kubica,KUB,williams,18,1:45.455,,
2019,4,Azerbaijan Grand Prix,baku,raikkonen,RAI,alfa,19,,,
2019,4,Azerbaijan Grand Prix,baku,gasly,GAS,red_bull,20,,,
2019,5,Spanish Grand Prix,catalunya,bottas,BOT,mercedes,1,1:16.979,1:15.924,1:15.406
2019,5,Spanish Grand Prix,catalunya,hamilton,HAM,mercedes,2,1:17.292,1:16.038,1:16.040
2019,5,Spanish Grand Prix,catalunya,vettel,VET,ferrari,3,1:17.425,1:16.667,1:16.272
2019,5,Spanish Grand Prix,catalunya,max_verstappen,VER,red_bull,4,1:17.244,1:16.726,1:16.357
2019,5,Spanish Grand Prix,catalunya,leclerc,LEC,ferrari,5,1:17.388,1:16.714,1:16.588
2019,5,Spanish Grand Prix,catalunya,gasly,GAS,red_bull,6,1:17.862,1:16.932,1:16.708
2019,5,Spanish Grand Prix,catalunya,grosjean,GRO,haas,7,1:18.042,1:17.066,1:16.911
2019,5,Spanish Grand Prix,catalunya,kevin_magnussen,MAG,haas,8,1:17.669,1:17.272,1:16.922
2019,5,Spanish Grand Prix,catalunya,kvyat,KVY,toro_rosso,9,1:17.914,1:17.243,1:17.573
2019,5,Spanish Grand Prix,catalunya,ricciardo,RIC,renault,10,1:18.385,1:17.299,1:18.106
2019,5,Spanish Grand Prix,catalunya,norris,NOR,mclaren,11,1:17.611,1:17.338,
2019,5,Spanish Grand Prix,catalunya,albon,ALB,toro_rosso,12,1:17.796,1:17.445,
2019,5,Spanish Grand Prix,catalunya,sainz,SAI,mclaren,13,1:17.760,1:17.599,
2019,5,Spanish Grand Prix,catalunya,raikkonen,RAI,alfa,14,1:18.132,1:17.788,
2019,5,Spanish Grand Prix,catalunya,perez,PER,racing_point,15,1:18.286,1:17.886,
2019,5,Spanish Grand Prix,catalunya,hulkenberg,HUL,renault,16,1:18.404,,
2019,5,Spanish Grand Prix,catalunya,stroll,STR,racing_point,17,1:18.471,,
2019,5,Spanish Grand Prix,catalunya,giovinazzi,GIO,alfa,18,1:18.664,,
2019,5,Spanish Grand Prix,catalunya,russell,RUS,williams,19,1:19.072,,
2019,5,Spanish Grand Prix,catalunya,kubica,KUB,williams,20,1:20.254,,
2019,6,Monaco Grand Prix,monaco,hamilton,HAM,mercedes,1,1:11.542,1:10.835,1:10.166
2019,6,Monaco Grand Prix,monaco,bottas,BOT,mercedes,2,1:11.562,1:10.701,1:10.252
2020,1,Austrian Grand Prix,red_bull_ring,bottas,BOT,mercedes,1,1:04.111,1:03.015,1:02.939
2020,1,Austrian Grand Prix,red_bull_ring,hamilton,HAM,mercedes,2,1:04.198,1:03.096,1:02.951
2020,1,Austrian Grand Prix,red_bull_ring,max_verstappen,VER,red_bull,3,1:04.024,1:04.000,1:03.477
2020,1,Austrian Grand Prix,red_bull_ring,norris,NOR,mclaren,4,1:04.606,1:03.819,1:03.626
2020,1,Austrian Grand Prix,red_bull_ring,albon,ALB,red_bull,5,1:04.661,1:03.746,1:03.868
2020,1,Austrian Grand Prix,red_bull_ring,perez,PER,racing_point,6,1:04.543,1:03.860,1:03.868
2020,1,Austrian Grand Prix,red_bull_ring,leclerc,LEC,ferrari,7,1:04.500,1:04.041,1:03.923
2020,1,Austrian Grand Prix,red_bull_ring,sainz,SAI,mclaren,8,1:04.537,1:03.971,1:03.971
2020,1,Austrian Grand Prix,red_bull_ring,stroll,STR,racing_point,9,1:04.309,1:03.955,1:04.029
2020,1,Austrian Grand Prix,red_bull_ring,ricciardo,RIC,renault,10,1:04.556,1:04.023,1:04.239
2020,1,Austrian Grand Prix,red_bull_ring,vettel,VET,ferrari,11,1:04.554,1:04.206,
2020,1,Austrian Grand Prix,red_bull_ring,gasly,GAS,alphatauri,12,1:04.603,1:04.305,
2020,1,Austrian Grand Prix,red_bull_ring,kvyat,KVY,alphatauri,13,1:05.031,1:04.431,
2020,1,Austrian Grand Prix,red_bull_ring,ocon,OCO,renault,14,1:04.933,1:04.643,
2020,1,Austrian Grand Prix,red_bull_ring,grosjean,GRO,haas,15,1:05.094,1:04.691,
2020,1,Austrian Grand Prix,red_bull_ring,kevin_magnussen,MAG,haas,16,1:05.164,,
2020,1,Austrian Grand Prix,red_bull_ring,russell,RUS,williams,17,1:05.167,,
2020,1,Austrian Grand Prix,red_bull_ring,giovinazzi,GIO,alfa,18,1:05.175,,
2020,1,Austrian Grand Prix,red_bull_ring,raikkonen,RAI,alfa,19,1:05.224,,
2020,1,Austrian Grand Prix,red_bull_ring,latifi,LAT,williams,20,1:05.757,,
2020,2,Styrian Grand Prix,red_bull_ring,hamilton,HAM,mercedes,1,1:18.188,1:17.825,1:19.273
2020,2,Styrian Grand Prix,red_bull_ring,max_verstappen,VER,red_bull,2,1:18.297,1:17.938,1:20.489
2020,2,Styrian Grand Prix,red_bull_ring,sainz,SAI,mclaren,3,1:18.590,1:18.836,1:20.671
2020,2,Styrian Grand Prix,red_bull_ring,bottas,BOT,mercedes,4,1:18.791,1:18.657,1:20.701
2020,2,Styrian Grand Prix,red_bull_ring,ocon,OCO,renault,5,1:19.687,1:18.764,1:20.922
2020,2,Styrian Grand Prix,red_bull_ring,norris,NOR,mclaren,6,1:18.504,1:18.448,1:20.925
2020,2,Styrian Grand Prix,red_bull_ring,albon,ALB,red_bull,7,1:20.882,1:19.014,1:21.011
2020,2,Styrian Grand Prix,red_bull_ring,gasly,GAS,alphatauri,8,1:20.192,1:18.744,1:21.028
2020,2,Styrian Grand Prix,red_bull_ring,ricciardo,RIC,renault,9,1:19.662,1:19.229,1:21.192
2020,2,Styrian Grand Prix,red_bull_ring,vettel,VET,ferrari,10,1:20.243,1:19.545,1:21.651
2020,2,Styrian Grand Prix,red_bull_ring,leclerc,LEC,ferrari,11,1:20.871,1:19.628,
2020,2,Styrian Grand Prix,red_bull_ring,russell,RUS,williams,12,1:20.382,1:19.636,
2020,2,Styrian Grand Prix,red_bull_ring,stroll,STR,racing_point,13,1:19.697,1:19.645,
2020,2,Styrian Grand Prix,red_bull_ring,kvyat,KVY,alphatauri,14,1:19.824,1:19.717,
2020,2,Styrian Grand Prix,red_bull_ring,kevin_magnussen,MAG,haas,15,1:21.140,1:20.211,
2020,2,Styrian Grand Prix,red_bull_ring,raikkonen,RAI,alfa,16,1:21.140,,
2020,2,Styrian Grand Prix,red_bull_ring,perez,PER,racing_point,17,1:21.607,,
2020,2,Styrian Grand Prix,red_bull_ring,latifi,LAT,williams,18,1:21.759,,
2020,2,Styrian Grand Prix,red_bull_ring,giovinazzi,GIO,alfa,19,1:21.831,,
2020,2,Styrian Grand Prix,red_bull_ring,grosjean,GRO,haas,20,,,
2020,3,Hungarian Grand Prix,hungaroring,hamilton,HAM,mercedes,1,1:14.907,1:14.261,1:13.447
2020,3,Hungarian Grand Prix,hungaroring,bottas,BOT,mercedes,2,1:15.474,1:14.530,1:13.554
2020,3,Hungarian Grand Prix,hungaroring,stroll,STR,racing_point,3,1:14.895,1:15.176,1:14.377
2020,3,Hungarian Grand Prix,hungaroring,perez,PER,racing_point,4,1:14.681,1:15.394,1:14.545
2020,3,Hungarian Grand Prix,hungaroring,vettel,VET,ferrari,5,1:15.455,1:15.131,1:14.774
2020,3,Hungarian Grand Prix,hungaroring,leclerc,LEC,ferrari,6,1:15.793,1:15.006,1:14.817
2020,3,Hungarian Grand Prix,hungaroring,max_verstappen,VER,red_bull,7,1:15.495,1:14.976,1:14.849
2020,3,Hungarian Grand Prix,hungaroring,norris,NOR,mclaren,8,1:15.444,1:15.085,1:14.966
2020,3,Hungarian Grand Prix,hungaroring,sainz,SAI,mclaren,9,1:15.281,1:15.267,1:15.027
2020,3,Hungarian Grand Prix,hungaroring,gasly,GAS,alphatauri,10,1:15.767,1:15.508,
2020,3,Hungarian Grand Prix,hungaroring,ricciardo,RIC,renault,11,1:15.848,1:15.661,
2020,3,Hungarian Grand Prix,hungaroring,russell,RUS,williams,12,1:15.585,1:15.698,
2020,3,Hungarian Grand Prix,hungaroring,albon,ALB,red_bull,13,1:15.722,1:15.715,
2020,3,Hungarian Grand Prix,hungaroring,ocon,OCO,renault,14,1:15.719,1:15.742,
2020,3,Hungarian Grand Prix,hungaroring,latifi,LAT,williams,15,1:16.105,1:16.544,
2020,3,Hungarian Grand Prix,hungaroring,kevin_magnussen,MAG,haas,16,1:16.152,,
2020,3,Hungarian Grand Prix,hungaroring,kvyat,KVY,alphatauri,17,1:16.204,,
2020,3,Hungarian Grand Prix,hungaroring,grosjean,GRO,haas,18,1:16.407,,
2020,3,Hungarian Grand Prix,hungaroring,giovinazzi,GIO,alfa,19,1:16.506,,
2020,3,Hungarian Grand Prix,hungaroring,raikkonen,RAI,alfa,20,1:16.614,,
2020,4,British Grand Prix,silverstone,hamilton,HAM,mercedes,1,1:25.900,1:25.347,1:24.303
2020,4,British Grand Prix,silverstone,bottas,BOT,mercedes,2,1:25.801,1:25.015,1:24.616
2020,4,British Grand Prix,silverstone,max_verstappen,VER,red_bull,3,1:26.115,1:26.144,1:25.325
2020,4,British Grand Prix,silverstone,leclerc,LEC,ferrari,4,1:26.550,1:26.203,1:25.427
2020,4,British Grand Prix,silverstone,norris,NOR,mclaren,5,1:26.855,1:26.420,1:25.782
2020,4,British Grand Prix,silverstone,stroll,STR,racing_point,6,1:26.243,1:26.501,1:25.839
2020,4,British Grand Prix,silverstone,sainz,SAI,mclaren,7,1:26.715,1:26.149,1:25.965
2020,4,British Grand Prix,silverstone,ricciardo,RIC,renault,8,1:26.677,1:26.339,1:26.009
2020,4,British Grand Prix,silverstone,ocon,OCO,renault,9,1:26.396,1:26.252,1:26.209
2020,4,British Grand Prix,silverstone,vettel,VET,ferrari,10,1:26.469,1:26.455,1:26.339
2020,4,British Grand Prix,silverstone,gasly,GAS,alphatauri,11,1:26.343,1:26.501,
2020,4,British Grand Prix,silverstone,albon,ALB,red_bull,12,1:26.565,1:26.545,
2020,4,British Grand Prix,silverstone,hulkenberg,HUL,racing_point,13,1:26.327,1:26.566,
2020,4,British Grand Prix,silverstone,kvyat,KVY,alphatauri,14,1:26.774,1:26.744,
2020,4,British Grand Prix,silverstone,russell,RUS,williams,15,1:26.732,1:27.092,
2020,4,British Grand Prix,silverstone,kevin_magnussen,MAG,haas,16,1:27.158,,
2020,4,British Grand Prix,silverstone,giovinazzi,GIO,alfa,17,1:27.164,,
2020,4,British Grand Prix,silverstone,raikkonen,RAI,alfa,18,1:27.366,,
2020,4,British Grand Prix,silverstone,grosjean,GRO,haas,19,1:27.643,,
2020,4,British Grand Prix,silverstone,latifi,LAT,williams,20,1:27.705,,
2020,5,70th Anniversary Grand Prix,silverstone,bottas,BOT,mercedes,1,1:26.738,1:25.785,1:25.154
2020,5,70th Anniversary Grand Prix,silverstone,hamilton,HAM,mercedes,2,1:26.818,1:26.266,1:25.217
2020,5,70th Anniversary Grand Prix,silverstone,hulkenberg,HUL,racing_point,3,1:27.279,1:26.261,1:26.082
2020,5,70th Anniversary Grand Prix,silverstone,max_verstappen,VER,red_bull,4,1:27.154,1:26.779,1:26.176
2020,5,70th Anniversary Grand Prix,silverstone,ricciardo,RIC,renault,5,1:27.442,1:26.636,1:26.297
2020,5,70th Anniversary Grand Prix,silverstone,stroll,STR,racing_point,6,1:27.187,1:26.674,1:26.428
2020,5,70th Anniversary Grand Prix,silverstone,gasly,GAS,alphatauri,7,1:27.154,1:26.523,1:26.534
2020,5,70th Anniversary Grand Prix,silverstone,leclerc,LEC,ferrari,8,1:27.427,1:26.709,1:26.614
2020,5,70th Anniversary Grand Prix,silverstone,albon,ALB,red_bull,9,1:27.153,1:26.642,1:26.669
2020,5,70th Anniversary Grand Prix,silverstone,norris,NOR,mclaren,10,1:27.217,1:26.885,1:26.778
2020,5,70th Anniversary Grand Prix,silverstone,ocon,OCO,renault,11,1:27.278,1:27.011,
2020,5,70th Anniversary Grand Prix,silverstone,vettel,VET,ferrari,12,1:27.612,1:27.078,
2020,5,70th Anniversary Grand Prix,silverstone,sainz,SAI,mclaren,13,1:27.450,1:27.083,
2020,5,70th Anniversary Grand Prix,silverstone,grosjean,GRO,haas,14,1:27.519,1:27.254,
2020,5,70th Anniversary Grand Prix,silverstone,russell,RUS,williams,15,1:27.757,1:27.455,
2020,5,70th Anniversary Grand Prix,silverstone,kvyat,KVY,alphatauri,16,1:27.882,,
2020,5,70th Anniversary Grand Prix,silverstone,kevin_magnussen,MAG,haas,17,1:28.236,,
2020,5,70th Anniversary Grand Prix,silverstone,latifi,LAT,williams,18,1:28.430,,
2020,5,70th Anniversary Grand Prix,silverstone,giovinazzi,GIO,alfa,19,1:28.433,,
2020,5,70th Anniversary Grand Prix,silverstone,raikkonen,RAI,alfa,20,1:28.493,,
2021,1,Bahrain Grand Prix,bahrain,max_verstappen,VER,red_bull,1,1:30.499,1:30.318,1:28.997
2021,1,Bahrain Grand Prix,bahrain,hamilton,HAM,mercedes,2,1:30.617,1:30.085,1:29.385
2021,1,Bahrain Grand Prix,bahrain,bottas,BOT,mercedes,3,1:31.200,1:30.186,1:29.586
2021,1,Bahrain Grand Prix,bahrain,leclerc,LEC,ferrari,4,1:30.691,1:30.010,1:29.678
2021,1,Bahrain Grand Prix,bahrain,gasly,GAS,alphatauri,5,1:30.848,1:30.513,1:29.809
2021,1,Bahrain Grand Prix,bahrain,ricciardo,RIC,mclaren,6,1:30.795,1:30.222,1:29.927
2021,1,Bahrain Grand Prix,bahrain,norris,NOR,mclaren,7,1:30.902,1:30.099,1:29.974
2021,1,Bahrain Grand Prix,bahrain,sainz,SAI,ferrari,8,1:31.653,1:30.009,1:30.215
2021,1,Bahrain Grand Prix,bahrain,alonso,ALO,alpine,9,1:30.863,1:30.595,1:30.249
2021,1,Bahrain Grand Prix,bahrain,stroll,STR,aston_martin,10,1:31.261,1:30.624,1:30.601
2021,1,Bahrain Grand Prix,bahrain,perez,PER,red_bull,11,1:31.165,1:30.659,
2021,1,Bahrain Grand Prix,bahrain,giovinazzi,GIO,alfa,12,1:30.998,1:30.708,
2021,1,Bahrain Grand Prix,bahrain,tsunoda,TSU,alphatauri,13,1:30.607,1:31.203,
2021,1,Bahrain Grand Prix,bahrain,raikkonen,RAI,alfa,14,1:31.547,1:31.238,
2021,1,Bahrain Grand Prix,bahrain,russell,RUS,williams,15,1:31.316,1:33.430,
2021,1,Bahrain Grand Prix,bahrain,ocon,OCO,alpine,16,1:31.724,,
2021,1,Bahrain Grand Prix,bahrain,latifi,LAT,williams,17,1:31.936,,
2021,1,Bahrain Grand Prix,bahrain,vettel,VET,aston_martin,18,1:32.056,,
2021,1,Bahrain Grand Prix,bahrain,mick_schumacher,MSC,haas,19,1:32.449,,
2021,1,Bahrain Grand Prix,bahrain,mazepin,MAZ,haas,20,1:33.273,,
2021,2,Emilia Romagna Grand Prix,imola,hamilton,HAM,mercedes,1,1:14.823,1:14.817,1:14.411
2021,2,Emilia Romagna Grand Prix,imola,perez,PER,red_bull,2,1:15.395,1:14.716,1:14.446
2021,2,Emilia Romagna Grand Prix,imola,max_verstappen,VER,red_bull,3,1:15.109,1:14.884,1:14.498
2021,2,Emilia Romagna Grand Prix,imola,leclerc,LEC,ferrari,4,1:15.413,1:14.808,1:14.740
2021,2,Emilia Romagna Grand Prix,imola,gasly,GAS,alphatauri,5,1:15.548,1:14.927,1:14.790
2021,2,Emilia Romagna Grand Prix,imola,ricciardo,RIC,mclaren,6,1:15.669,1:15.033,1:14.826
2021,2,Emilia Romagna Grand Prix,imola,norris,NOR,mclaren,7,1:15.009,1:14.718,1:14.875
2021,2,Emilia Romagna Grand Prix,imola,bottas,BOT,mercedes,8,1:14.672,1:14.905,1:14.898
2021,2,Emilia Romagna Grand Prix,imola,ocon,OCO,alpine,9,1:15.385,1:15.117,1:15.210
2021,2,Emilia Romagna Grand Prix,imola,stroll,STR,aston_martin,10,1:15.522,1:15.138,
2021,2,Emilia Romagna Grand Prix,imola,sainz,SAI,ferrari,11,1:15.406,1:15.199,
2021,2,Emilia Romagna Grand Prix,imola,russell,RUS,williams,12,1:15.826,1:15.261,
2021,2,Emilia Romagna Grand Prix,imola,vettel,VET,aston_martin,13,1:15.459,1:15.394,
2021,2,Emilia Romagna Grand Prix,imola,latifi,LAT,williams,14,1:15.653,1:15.593,
2021,2,Emilia Romagna Grand Prix,imola,alonso,ALO,alpine,15,1:15.832,1:15.593,
2021,2,Emilia Romagna Grand Prix,imola,raikkonen,RAI,alfa,16,1:15.974,,
2021,2,Emilia Romagna Grand Prix,imola,giovinazzi,GIO,alfa,17,1:16.122,,
2021,2,Emilia Romagna Grand Prix,imola,mick_schumacher,MSC,haas,18,1:16.279,,
2021,2,Emilia Romagna Grand Prix,imola,mazepin,MAZ,haas,19,1:16.797,,
2021,2,Emilia Romagna Grand Prix,imola,tsunoda,TSU,alphatauri,20,,,
2021,3,Portuguese Grand Prix,portimao,bottas,BOT,mercedes,1,1:18.722,1:18.458,1:18.348
2021,3,Portuguese Grand Prix,portimao,hamilton,HAM,mercedes,2,1:18.857,1:17.968,1:18.355
2021,3,Portuguese Grand Prix,portimao,max_verstappen,VER,red_bull,3,1:19.485,1:18.650,1:18.746
2021,3,Portuguese Grand Prix,portimao,perez,PER,red_bull,4,1:19.337,1:18.845,1:18.890
2021,3,Portuguese Grand Prix,portimao,sainz,SAI,ferrari,5,1:19.309,1:18.813,1:19.039
2021,3,Portuguese Grand Prix,portimao,ocon,OCO,alpine,6,1:19.092,1:18.586,1:19.042
2021,3,Portuguese Grand Prix,portimao,norris,NOR,mclaren,7,1:18.794,1:18.481,1:19.116
2021,3,Portuguese Grand Prix,portimao,leclerc,LEC,ferrari,8,1:19.373,1:18.769,1:19.306
2021,3,Portuguese Grand Prix,portimao,gasly,GAS,alphatauri,9,1:19.464,1:19.052,1:19.475
2021,3,Portuguese Grand Prix,portimao,vettel,VET,aston_martin,10,1:19.403,1:18.970,1:19.659
2021,3,Portuguese Grand Prix,portimao,russell,RUS,williams,11,1:19.797,1:19.109,
2021,3,Portuguese Grand Prix,portimao,giovinazzi,GIO,alfa,12,1:19.410,1:19.216,
2021,3,Portuguese Grand Prix,portimao,alonso,ALO,alpine,13,1:19.728,1:19.456,
2021,3,Portuguese Grand Prix,portimao,tsunoda,TSU,alphatauri,14,1:19.684,1:19.463,
2021,3,Portuguese Grand Prix,portimao,raikkonen,RAI,alfa,15,1:19.748,1:19.812,
2021,3,Portuguese Grand Prix,portimao,ricciardo,RIC,mclaren,16,1:19.839,,
2021,3,Portuguese Grand Prix,portimao,stroll,STR,aston_martin,17,1:19.913,,
2021,3,Portuguese Grand Prix,portimao,latifi,LAT,williams,18,1:20.285,,
2021,3,Portuguese Grand Prix,portimao,mick_schumacher,MSC,haas,19,1:20.452,,
2021,3,Portuguese Grand Prix,portimao,mazepin,MAZ,haas,20,1:20.912,,
2021,4,Spanish Grand Prix,catalunya,hamilton,HAM,mercedes,1,1:18.245,1:17.166,1:16.741
2021,4,Spanish Grand Prix,catalunya,max_verstappen,VER,red_bull,2,1:18.090,1:16.922,1:16.777
2021,4,Spanish Grand Prix,catalunya,bottas,BOT,mercedes,3,1:18.005,1:17.142,1:16.873
2021,4,Spanish Grand Prix,catalunya,leclerc,LEC,ferrari,4,1:18.041,1:17.717,1:17.510
2021,4,Spanish Grand Prix,catalunya,ocon,OCO,alpine,5,1:18.281,1:17.743,1:17.580
2021,4,Spanish Grand Prix,catalunya,sainz,SAI,ferrari,6,1:18.205,1:17.656,1:17.620
2021,4,Spanish Grand Prix,catalunya,ricciardo,RIC,mclaren,7,1:18.264,1:17.719,1:17.622
2021,4,Spanish Grand Prix,catalunya,perez,PER,red_bull,8,1:18.203,1:17.669,1:17.701
2021,4,Spanish Grand Prix,catalunya,norris,NOR,mclaren,9,1:17.821,1:17.696,1:18.010
2021,4,Spanish Grand Prix,catalunya,alonso,ALO,alpine,10,1:18.281,1:17.966,1:18.147
2021,4,Spanish Grand Prix,catalunya,stroll,STR,aston_martin,11,1:18.241,1:17.974,
2021,4,Spanish Grand Prix,catalunya,gasly,GAS,alphatauri,12,1:18.190,1:17.982,
2021,4,Spanish Grand Prix,catalunya,vettel,VET,aston_martin,13,1:18.289,1:18.079,
2021,4,Spanish Grand Prix,catalunya,giovinazzi,GIO,alfa,14,1:18.549,1:18.356,
2021,4,Spanish Grand Prix,catalunya,russell,RUS,williams,15,1:18.445,1:19.154,
2021,4,Spanish Grand Prix,catalunya,tsunoda,TSU,alphatauri,16,1:18.556,,
2021,4,Spanish Grand Prix,catalunya,raikkonen,RAI,alfa,17,1:18.917,,
2021,4,Spanish Grand Prix,catalunya,mick_schumacher,MSC,haas,18,1:19.117,,
2021,4,Spanish Grand Prix,catalunya,latifi,LAT,williams,19,1:19.219,,
2021,4,Spanish Grand Prix,catalunya,mazepin,MAZ,haas,20,1:19.807,,
2021,5,Monaco Grand Prix,monaco,leclerc,LEC,ferrari,1,1:11.113,1:10.597,1:10.346
2021,5,Monaco Grand Prix,monaco,max_verstappen,VER,red_bull,2,1:11.124,1:10.650,1:10.576
2021,5,Monaco Grand Prix,monaco,bottas,BOT,mercedes,3,1:10.938,1:10.695,1:10.601
2021,5,Monaco Grand Prix,monaco,sainz,SAI,ferrari,4,1:11.324,1:10.806,1:10.611
2021,5,Monaco Grand Prix,monaco,norris,NOR,mclaren,5,1:11.321,1:11.031,1:10.620
2021,5,Monaco Grand Prix,monaco,gasly,GAS,alphatauri,6,1:11.560,1:11.179,1:10.900
2021,5,Monaco Grand Prix,monaco,hamilton,HAM,mercedes,7,1:11.622,1:11.116,1:11.095
2021,5,Monaco Grand Prix,monaco,vettel,VET,aston_martin,8,1:12.078,1:11.309,1:11.419
2021,5,Monaco Grand Prix,monaco,perez,PER,red_bull,9,1:11.644,1:11.019,1:11.573
2021,5,Monaco Grand Prix,monaco,giovinazzi,GIO,alfa,10,1:11.658,1:11.409,1:11.779
2021,5,Monaco Grand Prix,monaco,ocon,OCO,alpine,11,1:11.740,1:11.486,
2021,5,Monaco Grand Prix,monaco,ricciardo,RIC,mclaren,12,1:11.747,1:11.598,
2021,5,Monaco Grand Prix,monaco,stroll,STR,aston_martin,13,1:11.979,1:11.600,
2021,5,Monaco Grand Prix,monaco,raikkonen,RAI,alfa,14,1:11.899,1:11.642,
2021,5,Monaco Grand Prix,monaco,russell,RUS,williams,15,1:12.016,1:11.830,
2021,5,Monaco Grand Prix,monaco,tsunoda,TSU,alphatauri,16,1:12.096,,
2021,5,Monaco Grand Prix,monaco,alonso,ALO,alpine,17,1:12.205,,
2021,5,Monaco Grand Prix,monaco,latifi,LAT,williams,18,1:12.366,,
2021,5,Monaco Grand Prix,monaco,mazepin,MAZ,haas,19,1:12.958,,
2021,6,Azerbaijan Grand Prix,baku,leclerc,LEC,ferrari,1,1:42.241,1:41.659,1:41.218
2022,1,Bahrain Grand Prix,bahrain,leclerc,LEC,ferrari,1,1:31.471,1:30.932,1:30.558
2022,1,Bahrain Grand Prix,bahrain,max_verstappen,VER,red_bull,2,1:31.785,1:30.757,1:30.681
2022,1,Bahrain Grand Prix,bahrain,sainz,SAI,ferrari,3,1:31.567,1:30.787,1:30.687
2022,1,Bahrain Grand Prix,bahrain,perez,PER,red_bull,4,1:32.311,1:31.008,1:30.921
2022,1,Bahrain Grand Prix,bahrain,hamilton,HAM,mercedes,5,1:32.285,1:31.048,1:31.238
2022,1,Bahrain Grand Prix,bahrain,bottas,BOT,alfa,6,1:31.919,1:31.717,1:31.560
2022,1,Bahrain Grand Prix,bahrain,kevin_magnussen,MAG,haas,7,1:31.955,1:31.461,1:31.808
2022,1,Bahrain Grand Prix,bahrain,alonso,ALO,alpine,8,1:32.346,1:31.621,1:32.195
2022,1,Bahrain Grand Prix,bahrain,russell,RUS,mercedes,9,1:32.269,1:31.252,1:32.216
2022,1,Bahrain Grand Prix,bahrain,gasly,GAS,alphatauri,10,1:32.096,1:31.635,1:32.338
2022,1,Bahrain Grand Prix,bahrain,ocon,OCO,alpine,11,1:32.041,1:31.782,
2022,1,Bahrain Grand Prix,bahrain,mick_schumacher,MSC,haas,12,1:32.380,1:31.998,
2022,1,Bahrain Grand Prix,bahrain,norris,NOR,mclaren,13,1:32.239,1:32.008,
2022,1,Bahrain Grand Prix,bahrain,albon,ALB,williams,14,1:32.726,1:32.664,
2022,1,Bahrain Grand Prix,bahrain,zhou,ZHO,alfa,15,1:32.493,1:33.543,
2022,1,Bahrain Grand Prix,bahrain,tsunoda,TSU,alphatauri,16,1:32.750,,
2022,1,Bahrain Grand Prix,bahrain,hulkenberg,HUL,aston_martin,17,1:32.777,,
2022,1,Bahrain Grand Prix,bahrain,ricciardo,RIC,mclaren,18,1:32.945,,
2022,1,Bahrain Grand Prix,bahrain,stroll,STR,aston_martin,19,1:33.032,,
2022,1,Bahrain Grand Prix,bahrain,latifi,LAT,williams,20,1:33.634,,
2022,2,Saudi Arabian Grand Prix,jeddah,perez,PER,red_bull,1,1:29.705,1:28.924,1:28.200
2022,2,Saudi Arabian Grand Prix,jeddah,leclerc,LEC,ferrari,2,1:29.039,1:28.780,1:28.225
2022,2,Saudi Arabian Grand Prix,jeddah,sainz,SAI,ferrari,3,1:28.855,1:28.686,1:28.402
2022,2,Saudi Arabian Grand Prix,jeddah,max_verstappen,VER,red_bull,4,1:28.928,1:28.945,1:28.461
2022,2,Saudi Arabian Grand Prix,jeddah,ocon,OCO,alpine,5,1:30.093,1:29.584,1:29.068
2022,2,Saudi Arabian Grand Prix,jeddah,russell,RUS,mercedes,6,1:29.680,1:29.618,1:29.104
2022,2,Saudi Arabian Grand Prix,jeddah,alonso,ALO,alpine,7,1:29.978,1:29.295,1:29.147
2022,2,Saudi Arabian Grand Prix,jeddah,bottas,BOT,alfa,8,1:29.683,1:29.404,1:29.183
2022,2,Saudi Arabian Grand Prix,jeddah,gasly,GAS,alphatauri,9,1:29.891,1:29.418,1:29.254
2022,2,Saudi Arabian Grand Prix,jeddah,kevin_magnussen,MAG,haas,10,1:29.831,1:29.546,1:29.588
2022,2,Saudi Arabian Grand Prix,jeddah,norris,NOR,mclaren,11,1:29.957,1:29.651,
2022,2,Saudi Arabian Grand Prix,jeddah,ricciardo,RIC,mclaren,12,1:30.009,1:29.773,
2022,2,Saudi Arabian Grand Prix,jeddah,zhou,ZHO,alfa,13,1:29.978,1:29.819,
2022,2,Saudi Arabian Grand Prix,jeddah,mick_schumacher,MSC,haas,14,1:30.167,1:29.920,
2022,2,Saudi Arabian Grand Prix,jeddah,stroll,STR,aston_martin,15,1:30.256,1:31.009,
2022,2,Saudi Arabian Grand Prix,jeddah,hamilton,HAM,mercedes,16,1:30.343,,
2022,2,Saudi Arabian Grand Prix,jeddah,albon,ALB,williams,17,1:30.492,,
2022,2,Saudi Arabian Grand Prix,jeddah,hulkenberg,HUL,aston_martin,18,1:30.543,,
2022,2,Saudi Arabian Grand Prix,jeddah,latifi,LAT,williams,19,1:31.817,,
2022,2,Saudi Arabian Grand Prix,jeddah,tsunoda,TSU,alphatauri,20,,,
2022,3,Australian Grand Prix,albert_park,leclerc,LEC,ferrari,1,1:18.881,1:18.606,1:17.868
2022,3,Australian Grand Prix,albert_park,max_verstappen,VER,red_bull,2,1:18.580,1:18.611,1:18.154
2022,3,Australian Grand Prix,albert_park,perez,PER,red_bull,3,1:18.834,1:18.340,1:18.240
2022,3,Australian Grand Prix,albert_park,norris,NOR,mclaren,4,1:19.280,1:19.066,1:18.703
2022,3,Australian Grand Prix,albert_park,hamilton,HAM,mercedes,5,1:19.401,1:19.106,1:18.825
2022,3,Australian Grand Prix,albert_park,russell,RUS,mercedes,6,1:19.405,1:19.076,1:18.933
2022,3,Australian Grand Prix,albert_park,ricciardo,RIC,mclaren,7,1:19.665,1:19.130,1:19.032
2022,3,Australian Grand Prix,albert_park,ocon,OCO,alpine,8,1:19.605,1:19.136,1:19.061
2022,3,Australian Grand Prix,albert_park,sainz,SAI,ferrari,9,1:18.983,1:18.469,1:19.408
2022,3,Australian Grand Prix,albert_park,alonso,ALO,alpine,10,1:19.192,1:18.815,
2022,3,Australian Grand Prix,albert_park,gasly,GAS,alphatauri,11,1:19.580,1:19.226,
2022,3,Australian Grand Prix,albert_park,bottas,BOT,alfa,12,1:19.251,1:19.410,
2022,3,Australian Grand Prix,albert_park,tsunoda,TSU,alphatauri,13,1:19.742,1:19.424,
2022,3,Australian Grand Prix,albert_park,zhou,ZHO,alfa,14,1:19.910,1:20.155,
2022,3,Australian Grand Prix,albert_park,mick_schumacher,MSC,haas,15,1:20.104,1:20.465,
2022,3,Australian Grand Prix,albert_park,albon,ALB,williams,16,1:20.135,,
2022,3,Australian Grand Prix,albert_park,kevin_magnussen,MAG,haas,17,1:20.254,,
2022,3,Australian Grand Prix,albert_park,vettel,VET,aston_martin,18,1:21.149,,
2022,3,Australian Grand Prix,albert_park,latifi,LAT,williams,19,1:21.372,,
2022,3,Australian Grand Prix,albert_park,stroll,STR,aston_martin,20,,,
2022,4,Emilia Romagna Grand Prix,imola,max_verstappen,VER,red_bull,1,1:19.295,1:18.793,1:27.999
2022,4,Emilia Romagna Grand Prix,imola,leclerc,LEC,ferrari,2,1:18.796,1:19.584,1:28.778
2022,4,Emilia Romagna Grand Prix,imola,norris,NOR,mclaren,3,1:20.168,1:19.294,1:29.131
2022,4,Emilia Romagna Grand Prix,imola,kevin_magnussen,MAG,haas,4,1:20.147,1:19.902,1:29.164
2022,4,Emilia Romagna Grand Prix,imola,alonso,ALO,alpine,5,1:20.198,1:19.595,1:29.202
2022,4,Emilia Romagna Grand Prix,imola,ricciardo,RIC,mclaren,6,1:19.980,1:20.031,1:29.742
2022,4,Emilia Romagna Grand Prix,imola,perez,PER,red_bull,7,1:19.773,1:19.296,1:29.808
2022,4,Emilia Romagna Grand Prix,imola,bottas,BOT,alfa,8,1:20.419,1:20.192,1:30.439
2022,4,Emilia Romagna Grand Prix,imola,vettel,VET,aston_martin,9,1:20.364,1:19.957,1:31.062
2022,4,Emilia Romagna Grand Prix,imola,sainz,SAI,ferrari,10,1:19.305,1:18.990,
2022,4,Emilia Romagna Grand Prix,imola,russell,RUS,mercedes,11,1:20.383,1:20.757,
2022,4,Emilia Romagna Grand Prix,imola,mick_schumacher,MSC,haas,12,1:20.422,1:20.916,
2022,4,Emilia Romagna Grand Prix,imola,hamilton,HAM,mercedes,13,1:20.470,1:21.138,
2022,4,Emilia Romagna Grand Prix,imola,zhou,ZHO,alfa,14,1:19.730,1:21.434,
2022,4,Emilia Romagna Grand Prix,imola,stroll,STR,aston_martin,15,1:20.342,1:28.119,
2022,4,Emilia Romagna Grand Prix,imola,tsunoda,TSU,alphatauri,16,1:20.474,,
2022,4,Emilia Romagna Grand Prix,imola,gasly,GAS,alphatauri,17,1:20.732,,
2022,4,Emilia Romagna Grand Prix,imola,latifi,LAT,williams,18,1:21.971,,
2022,4,Emilia Romagna Grand Prix,imola,ocon,OCO,alpine,19,1:22.338,,
2022,4,Emilia Romagna Grand Prix,imola,albon,ALB,williams,20,,,
2022,5,Miami Grand Prix,miami,leclerc,LEC,ferrari,1,1:29.474,1:29.130,1:28.796
2022,5,Miami Grand Prix,miami,sainz,SAI,ferrari,2,1:30.079,1:29.729,1:28.986
2022,5,Miami Grand Prix,miami,max_verstappen,VER,red_bull,3,1:29.836,1:29.202,1:28.991
2022,5,Miami Grand Prix,miami,perez,PER,red_bull,4,1:30.055,1:29.673,1:29.036
2022,5,Miami Grand Prix,miami,bottas,BOT,alfa,5,1:30.845,1:29.751,1:29.475
2022,5,Miami Grand Prix,miami,hamilton,HAM,mercedes,6,1:30.388,1:29.797,1:29.625
2022,5,Miami Grand Prix,miami,gasly,GAS,alphatauri,7,1:30.779,1:30.128,1:29.690
2022,5,Miami Grand Prix,miami,norris,NOR,mclaren,8,1:30.761,1:29.634,1:29.750
2022,5,Miami Grand Prix,miami,tsunoda,TSU,alphatauri,9,1:30.485,1:30.031,1:29.932
2022,5,Miami Grand Prix,miami,stroll,STR,aston_martin,10,1:30.441,1:29.996,1:30.676
2022,5,Miami Grand Prix,miami,alonso,ALO,alpine,11,1:30.407,1:30.160,
2022,5,Miami Grand Prix,miami,russell,RUS,mercedes,12,1:30.490,1:30.173,
2022,5,Miami Grand Prix,miami,vettel,VET,aston_martin,13,1:30.677,1:30.214,
2022,5,Miami Grand Prix,miami,ricciardo,RIC,mclaren,14,1:30.583,1:30.310,
2022,5,Miami Grand Prix,miami,mick_schumacher,MSC,haas,15,1:30.645,1:30.423,
2022,5,Miami Grand Prix,miami,kevin_magnussen,MAG,haas,16,1:30.975,,
2022,5,Miami Grand Prix,miami,zhou,ZHO,alfa,17,1:31.020,,
2022,5,Miami Grand Prix,miami,albon,ALB,williams,18,1:31.266,,
2022,5,Miami Grand Prix,miami,latifi,LAT,williams,19,1:31.325,,
2022,5,Miami Grand Prix,miami,ocon,OCO,alpine,20,,,
2023,1,Bahrain Grand Prix,bahrain,max_verstappen,VER,red_bull,1,1:31.295,1:30.503,1:29.708
2023,1,Bahrain Grand Prix,bahrain,perez,PER,red_bull,2,1:31.479,1:30.746,1:29.846
2023,1,Bahrain Grand Prix,bahrain,leclerc,LEC,ferrari,3,1:31.094,1:30.282,1:30.000
2023,1,Bahrain Grand Prix,bahrain,sainz,SAI,ferrari,4,1:30.993,1:30.515,1:30.154
2023,1,Bahrain Grand Prix,bahrain,alonso,ALO,aston_martin,5,1:31.158,1:30.645,1:30.336
2023,1,Bahrain Grand Prix,bahrain,russell,RUS,mercedes,6,1:31.057,1:30.507,1:30.340
2023,1,Bahrain Grand Prix,bahrain,hamilton,HAM,mercedes,7,1:31.543,1:30.513,1:30.384
2023,1,Bahrain Grand Prix,bahrain,stroll,STR,aston_martin,8,1:31.184,1:31.127,1:30.836
2023,1,Bahrain Grand Prix,bahrain,ocon,OCO,alpine,9,1:31.508,1:30.914,1:30.984
2023,1,Bahrain Grand Prix,bahrain,hulkenberg,HUL,haas,10,1:31.204,1:30.809,
2023,1,Bahrain Grand Prix,bahrain,norris,NOR,mclaren,11,1:31.652,1:31.381,
2023,1,Bahrain Grand Prix,bahrain,bottas,BOT,alfa,12,1:31.504,1:31.443,
2023,1,Bahrain Grand Prix,bahrain,zhou,ZHO,alfa,13,1:31.615,1:31.473,
2023,1,Bahrain Grand Prix,bahrain,tsunoda,TSU,alphatauri,14,1:31.400,1:32.510,
2023,1,Bahrain Grand Prix,bahrain,albon,ALB,williams,15,1:31.461,,
2023,1,Bahrain Grand Prix,bahrain,sargeant,SAR,williams,16,1:31.652,,
2023,1,Bahrain Grand Prix,bahrain,kevin_magnussen,MAG,haas,17,1:31.892,,
2023,1,Bahrain Grand Prix,bahrain,piastri,PIA,mclaren,18,1:32.101,,
2023,1,Bahrain Grand Prix,bahrain,de_vries,DEV,alphatauri,19,1:32.121,,
2023,1,Bahrain Grand Prix,bahrain,gasly,GAS,alpine,20,1:32.181,,
2023,2,Saudi Arabian Grand Prix,jeddah,perez,PER,red_bull,1,1:29.244,1:28.635,1:28.265
2023,2,Saudi Arabian Grand Prix,jeddah,leclerc,LEC,ferrari,2,1:29.376,1:28.903,1:28.420
2023,2,Saudi Arabian Grand Prix,jeddah,alonso,ALO,aston_martin,3,1:29.298,1:28.757,1:28.730
2023,2,Saudi Arabian Grand Prix,jeddah,russell,RUS,mercedes,4,1:29.592,1:29.132,1:28.857
2023,2,Saudi Arabian Grand Prix,jeddah,sainz,SAI,ferrari,5,1:29.411,1:28.957,1:28.931
2023,2,Saudi Arabian Grand Prix,jeddah,stroll,STR,aston_martin,6,1:29.335,1:28.962,1:28.945
2023,2,Saudi Arabian Grand Prix,jeddah,ocon,OCO,alpine,7,1:29.707,1:29.255,1:29.078
2023,2,Saudi Arabian Grand Prix,jeddah,hamilton,HAM,mercedes,8,1:29.689,1:29.374,1:29.223
2023,2,Saudi Arabian Grand Prix,jeddah,piastri,PIA,mclaren,9,1:29.706,1:29.378,1:29.243
2023,2,Saudi Arabian Grand Prix,jeddah,gasly,GAS,alpine,10,1:29.890,1:29.411,1:29.357
2023,2,Saudi Arabian Grand Prix,jeddah,hulkenberg,HUL,haas,11,1:29.547,1:29.451,
2023,2,Saudi Arabian Grand Prix,jeddah,zhou,ZHO,alfa,12,1:29.654,1:29.461,
2023,2,Saudi Arabian Grand Prix,jeddah,kevin_magnussen,MAG,haas,13,1:29.744,1:29.634,
2023,2,Saudi Arabian Grand Prix,jeddah,bottas,BOT,alfa,14,1:29.929,1:29.668,
2023,2,Saudi Arabian Grand Prix,jeddah,max_verstappen,VER,red_bull,15,1:28.761,1:49.953,
2023,2,Saudi Arabian Grand Prix,jeddah,tsunoda,TSU,alphatauri,16,1:29.939,,
2023,2,Saudi Arabian Grand Prix,jeddah,albon,ALB,williams,17,1:29.994,,
2023,2,Saudi Arabian Grand Prix,jeddah,de_vries,DEV,alphatauri,18,1:30.244,,
2023,2,Saudi Arabian Grand Prix,jeddah,norris,NOR,mclaren,19,1:30.447,,
2023,2,Saudi Arabian Grand Prix,jeddah,sargeant,SAR,williams,20,2:08.510,,
2023,3,Australian Grand Prix,albert_park,max_verstappen,VER,red_bull,1,1:17.384,1:17.056,1:16.732
2023,3,Australian Grand Prix,albert_park,russell,RUS,mercedes,2,1:17.654,1:17.513,1:16.968
2023,3,Australian Grand Prix,albert_park,hamilton,HAM,mercedes,3,1:17.689,1:17.551,1:17.104
2023,3,Australian Grand Prix,albert_park,alonso,ALO,aston_martin,4,1:17.832,1:17.283,1:17.139
2023,3,Australian Grand Prix,albert_park,sainz,SAI,ferrari,5,1:17.928,1:17.349,1:17.270
2023,3,Australian Grand Prix,albert_park,stroll,STR,aston_martin,6,1:17.873,1:17.616,1:17.308
2023,3,Australian Grand Prix,albert_park,leclerc,LEC,ferrari,7,1:18.218,1:17.390,1:17.369
2023,3,Australian Grand Prix,albert_park,albon,ALB,williams,8,1:17.962,1:17.761,1:17.609
2023,3,Australian Grand Prix,albert_park,gasly,GAS,alpine,9,1:18.312,1:17.574,1:17.675
2023,3,Australian Grand Prix,albert_park,hulkenberg,HUL,haas,10,1:18.029,1:17.412,1:17.735
2023,3,Australian Grand Prix,albert_park,ocon,OCO,alpine,11,1:17.770,1:17.768,
2023,3,Australian Grand Prix,albert_park,tsunoda,TSU,alphatauri,12,1:18.471,1:18.099,
2023,3,Australian Grand Prix,albert_park,norris,NOR,mclaren,13,1:18.243,1:18.119,
2023,3,Australian Grand Prix,albert_park,kevin_magnussen,MAG,haas,14,1:18.159,1:18.129,
2023,3,Australian Grand Prix,albert_park,de_vries,DEV,alphatauri,15,1:18.450,1:18.335,
2023,3,Australian Grand Prix,albert_park,piastri,PIA,mclaren,16,1:18.517,,
2023,3,Australian Grand Prix,albert_park,zhou,ZHO,alfa,17,1:18.540,,
2023,3,Australian Grand Prix,albert_park,sargeant,SAR,williams,18,1:18.557,,
2023,3,Australian Grand Prix,albert_park,bottas,BOT,alfa,19,1:18.714,,
2023,3,Australian Grand Prix,albert_park,perez,PER,red_bull,20,,,
2023,4,Azerbaijan Grand Prix,baku,leclerc,LEC,ferrari,1,1:41.269,1:41.037,1:40.203
2023,4,Azerbaijan Grand Prix,baku,max_verstappen,VER,red_bull,2,1:41.398,1:40.822,1:40.391
2023,4,Azerbaijan Grand Prix,baku,perez,PER,red_bull,3,1:41.756,1:41.131,1:40.495
2023,4,Azerbaijan Grand Prix,baku,sainz,SAI,ferrari,4,1:42.197,1:41.369,1:41.016
2023,4,Azerbaijan Grand Prix,baku,hamilton,HAM,mercedes,5,1:42.113,1:41.650,1:41.177
2023,4,Azerbaijan Grand Prix,baku,alonso,ALO,aston_martin,6,1:41.720,1:41.370,1:41.253
2023,4,Azerbaijan Grand Prix,baku,norris,NOR,mclaren,7,1:42.154,1:41.485,1:41.281
2023,4,Azerbaijan Grand Prix,baku,tsunoda,TSU,alphatauri,8,1:42.234,1:41.569,1:41.581
2023,4,Azerbaijan Grand Prix,baku,stroll,STR,aston_martin,9,1:42.524,1:41.576,1:41.611
2023,4,Azerbaijan Grand Prix,baku,piastri,PIA,mclaren,10,1:42.455,1:41.636,1:41.611
2023,4,Azerbaijan Grand Prix,baku,russell,RUS,mercedes,11,1:42.073,1:41.654,
2023,4,Azerbaijan Grand Prix,baku,ocon,OCO,alpine,12,1:42.622,1:41.798,
2023,4,Azerbaijan Grand Prix,baku,albon,ALB,williams,13,1:42.171,1:41.818,
2023,4,Azerbaijan Grand Prix,baku,bottas,BOT,alfa,14,1:42.582,1:42.259,
2023,4,Azerbaijan Grand Prix,baku,sargeant,SAR,williams,15,1:42.242,1:42.395,
2023,4,Azerbaijan Grand Prix,baku,zhou,ZHO,alfa,16,1:42.642,,
2023,4,Azerbaijan Grand Prix,baku,hulkenberg,HUL,haas,17,1:42.755,,
2023,4,Azerbaijan Grand Prix,baku,kevin_magnussen,MAG,haas,18,1:43.417,,
2023,4,Azerbaijan Grand Prix,baku,gasly,GAS,alpine,19,1:44.853,,
2023,4,Azerbaijan Grand Prix,baku,de_vries,DEV,alphatauri,20,1:55.282,,
2023,5,Miami Grand Prix,miami,perez,PER,red_bull,1,1:27.713,1:27.328,1:26.841
2023,5,Miami Grand Prix,miami,alonso,ALO,aston_martin,2,1:28.179,1:27.097,1:27.202
2023,5,Miami Grand Prix,miami,sainz,SAI,ferrari,3,1:27.686,1:27.148,1:27.349
2023,5,Miami Grand Prix,miami,kevin_magnussen,MAG,haas,4,1:27.809,1:27.673,1:27.767
2023,5,Miami Grand Prix,miami,gasly,GAS,alpine,5,1:28.061,1:27.612,1:27.786
2023,5,Miami Grand Prix,miami,russell,RUS,mercedes,6,1:28.086,1:27.743,1:27.804
2023,5,Miami Grand Prix,miami,leclerc,LEC,ferrari,7,1:27.713,1:26.964,1:27.861
2023,5,Miami Grand Prix,miami,ocon,OCO,alpine,8,1:27.872,1:27.444,1:27.935
2023,5,Miami Grand Prix,miami,max_verstappen,VER,red_bull,9,1:27.363,1:26.814,
2023,5,Miami Grand Prix,miami,bottas,BOT,alfa,10,1:27.864,1:27.564,
2023,5,Miami Grand Prix,miami,albon,ALB,williams,11,1:28.234,1:27.795,
2023,5,Miami Grand Prix,miami,hulkenberg,HUL,haas,12,1:27.945,1:27.903,
2023,5,Miami Grand Prix,miami,hamilton,HAM,mercedes,13,1:27.846,1:27.975,
2023,5,Miami Grand Prix,miami,zhou,ZHO,alfa,14,1:28.180,1:28.091,
2023,5,Miami Grand Prix,miami,de_vries,DEV,alphatauri,15,1:28.325,1:28.395,
2023,5,Miami Grand Prix,miami,norris,NOR,mclaren,16,1:28.394,,
2023,5,Miami Grand Prix,miami,tsunoda,TSU,alphatauri,17,1:28.429,,
2023,5,Miami Grand Prix,miami,stroll,STR,aston_martin,18,1:28.476,,
2023,5,Miami Grand Prix,miami,piastri,PIA,mclaren,19,1:28.484,,
2023,5,Miami Grand Prix,miami,sargeant,SAR,williams,20,1:28.577,,
2024,1,Bahrain Grand Prix,bahrain,max_verstappen,VER,red_bull,1,1:30.031,1:29.374,1:29.179
2024,1,Bahrain Grand Prix,bahrain,leclerc,LEC,ferrari,2,1:30.243,1:29.165,1:29.407
2024,1,Bahrain Grand Prix,bahrain,russell,RUS,mercedes,3,1:30.350,1:29.922,1:29.485
2024,1,Bahrain Grand Prix,bahrain,sainz,SAI,ferrari,4,1:29.909,1:29.573,1:29.507
2024,1,Bahrain Grand Prix,bahrain,perez,PER,red_bull,5,1:30.221,1:29.932,1:29.537
2024,1,Bahrain Grand Prix,bahrain,alonso,ALO,aston_martin,6,1:30.179,1:29.801,1:29.542
2024,1,Bahrain Grand Prix,bahrain,norris,NOR,mclaren,7,1:30.143,1:29.941,1:29.614
2024,1,Bahrain Grand Prix,bahrain,piastri,PIA,mclaren,8,1:30.531,1:30.122,1:29.683
2024,1,Bahrain Grand Prix,bahrain,hamilton,HAM,mercedes,9,1:30.451,1:29.718,1:29.710
2024,1,Bahrain Grand Prix,bahrain,hulkenberg,HUL,haas,10,1:30.566,1:29.851,1:30.502
2024,1,Bahrain Grand Prix,bahrain,tsunoda,TSU,rb,11,1:30.481,1:30.129,
2024,1,Bahrain Grand Prix,bahrain,stroll,STR,aston_martin,12,1:29.965,1:30.200,
2024,1,Bahrain Grand Prix,bahrain,albon,ALB,williams,13,1:30.397,1:30.221,
2024,1,Bahrain Grand Prix,bahrain,ricciardo,RIC,rb,14,1:30.562,1:30.278,
2024,1,Bahrain Grand Prix,bahrain,kevin_magnussen,MAG,haas,15,1:30.646,1:30.529,
2024,1,Bahrain Grand Prix,bahrain,bottas,BOT,sauber,16,1:30.756,,
2024,1,Bahrain Grand Prix,bahrain,zhou,ZHO,sauber,17,1:30.757,,
2024,1,Bahrain Grand Prix,bahrain,sargeant,SAR,williams,18,1:30.770,,
2024,1,Bahrain Grand Prix,bahrain,ocon,OCO,alpine,19,1:30.793,,
2024,1,Bahrain Grand Prix,bahrain,gasly,GAS,alpine,20,1:30.948,,
2024,2,Saudi Arabian Grand Prix,jeddah,max_verstappen,VER,red_bull,1,1:28.171,1:28.033,1:27.472
2024,2,Saudi Arabian Grand Prix,jeddah,leclerc,LEC,ferrari,2,1:28.318,1:28.112,1:27.791
2024,2,Saudi Arabian Grand Prix,jeddah,perez,PER,red_bull,3,1:28.638,1:28.467,1:27.807
2024,2,Saudi Arabian Grand Prix,jeddah,alonso,ALO,aston_martin,4,1:28.706,1:28.122,1:27.846
2024,2,Saudi Arabian Grand Prix,jeddah,piastri,PIA,mclaren,5,1:28.755,1:28.343,1:28.089
2024,2,Saudi Arabian Grand Prix,jeddah,norris,NOR,mclaren,6,1:28.805,1:28.479,1:28.132
2024,2,Saudi Arabian Grand Prix,jeddah,russell,RUS,mercedes,7,1:28.749,1:28.448,1:28.316
2024,2,Saudi Arabian Grand Prix,jeddah,hamilton,HAM,mercedes,8,1:28.994,1:28.606,1:28.460
2024,2,Saudi Arabian Grand Prix,jeddah,tsunoda,TSU,rb,9,1:28.988,1:28.564,1:28.547
2024,2,Saudi Arabian Grand Prix,jeddah,stroll,STR,aston_martin,10,1:28.250,1:28.578,1:28.572
2024,2,Saudi Arabian Grand Prix,jeddah,bearman,BEA,ferrari,11,1:28.984,1:28.642,
2024,2,Saudi Arabian Grand Prix,jeddah,albon,ALB,williams,12,1:29.107,1:28.980,
2024,2,Saudi Arabian Grand Prix,jeddah,kevin_magnussen,MAG,haas,13,1:29.069,1:29.020,
2024,2,Saudi Arabian Grand Prix,jeddah,ricciardo,RIC,rb,14,1:29.065,1:29.025,
2024,2,Saudi Arabian Grand Prix,jeddah,hulkenberg,HUL,haas,15,1:29.055,,
2024,2,Saudi Arabian Grand Prix,jeddah,bottas,BOT,sauber,16,1:29.179,,
2024,2,Saudi Arabian Grand Prix,jeddah,ocon,OCO,alpine,17,1:29.475,,
2024,2,Saudi Arabian Grand Prix,jeddah,gasly,GAS,alpine,18,1:29.479,,
2024,2,Saudi Arabian Grand Prix,jeddah,sargeant,SAR,williams,19,1:29.526,,
2024,2,Saudi Arabian Grand Prix,jeddah,zhou,ZHO,sauber,20,,,
2024,3,Australian Grand Prix,albert_park,max_verstappen,VER,red_bull,1,1:16.819,1:16.387,1:15.915
2024,3,Australian Grand Prix,albert_park,sainz,SAI,ferrari,2,1:16.731,1:16.189,1:16.185
2024,3,Australian Grand Prix,albert_park,perez,PER,red_bull,3,1:16.805,1:16.631,1:16.274
2024,3,Australian Grand Prix,albert_park,norris,NOR,mclaren,4,1:17.430,1:16.750,1:16.315
2024,3,Australian Grand Prix,albert_park,leclerc,LEC,ferrari,5,1:16.984,1:16.304,1:16.435
2024,3,Australian Grand Prix,albert_park,piastri,PIA,mclaren,6,1:17.369,1:16.601,1:16.572
2024,3,Australian Grand Prix,albert_park,russell,RUS,mercedes,7,1:17.062,1:16.901,1:16.724
2024,3,Australian Grand Prix,albert_park,tsunoda,TSU,rb,8,1:17.356,1:16.791,1:16.788
2024,3,Australian Grand Prix,albert_park,stroll,STR,aston_martin,9,1:17.376,1:16.780,1:17.072
2024,3,Australian Grand Prix,albert_park,alonso,ALO,aston_martin,10,1:16.991,1:16.710,1:17.552
2024,3,Australian Grand Prix,albert_park,hamilton,HAM,mercedes,11,1:17.499,1:16.960,
2024,3,Australian Grand Prix,albert_park,albon,ALB,williams,12,1:17.130,1:17.167,
2024,3,Australian Grand Prix,albert_park,bottas,BOT,sauber,13,1:17.543,1:17.340,
2024,3,Australian Grand Prix,albert_park,kevin_magnussen,MAG,haas,14,1:17.709,1:17.427,
2024,3,Australian Grand Prix,albert_park,ocon,OCO,alpine,15,1:17.617,1:17.697,
2024,3,Australian Grand Prix,albert_park,hulkenberg,HUL,haas,16,1:17.976,,
2024,3,Australian Grand Prix,albert_park,gasly,GAS,alpine,17,1:17.982,,
2024,3,Australian Grand Prix,albert_park,ricciardo,RIC,rb,18,1:18.085,,
2024,3,Australian Grand Prix,albert_park,zhou,ZHO,sauber,19,1:18.188,,
2024,4,Japanese Grand Prix,suzuka,max_verstappen,VER,red_bull,1,1:28.866,1:28.740,1:28.197
2024,4,Japanese Grand Prix,suzuka,perez,PER,red_bull,2,1:29.303,1:28.752,1:28.263
2024,4,Japanese Grand Prix,suzuka,norris,NOR,mclaren,3,1:29.536,1:28.940,1:28.489
2024,4,Japanese Grand Prix,suzuka,sainz,SAI,ferrari,4,1:29.513,1:29.099,1:28.682
2024,4,Japanese Grand Prix,suzuka,alonso,ALO,aston_martin,5,1:29.254,1:29.082,1:28.686
2024,4,Japanese Grand Prix,suzuka,piastri,PIA,mclaren,6,1:29.425,1:29.148,1:28.760
2024,4,Japanese Grand Prix,suzuka,hamilton,HAM,mercedes,7,1:29.661,1:28.887,1:28.766
2024,4,Japanese Grand Prix,suzuka,leclerc,LEC,ferrari,8,1:29.338,1:29.196,1:28.786
2024,4,Japanese Grand Prix,suzuka,russell,RUS,mercedes,9,1:29.799,1:29.140,1:29.008
2024,4,Japanese Grand Prix,suzuka,tsunoda,TSU,rb,10,1:29.775,1:29.417,1:29.413
2024,4,Japanese Grand Prix,suzuka,ricciardo,RIC,rb,11,1:29.727,1:29.472,
2024,4,Japanese Grand Prix,suzuka,hulkenberg,HUL,haas,12,1:29.821,1:29.494,
2024,4,Japanese Grand Prix,suzuka,bottas,BOT,sauber,13,1:29.602,1:29.593,
2024,4,Japanese Grand Prix,suzuka,albon,ALB,williams,14,1:29.963,1:29.714,
2024,4,Japanese Grand Prix,suzuka,ocon,OCO,alpine,15,1:29.811,1:29.816,
2024,4,Japanese Grand Prix,suzuka,stroll,STR,aston_martin,16,1:30.024,,
2024,4,Japanese Grand Prix,suzuka,gasly,GAS,alpine,17,1:30.119,,
2024,4,Japanese Grand Prix,suzuka,kevin_magnussen,MAG,haas,18,1:30.131,,
2024,4,Japanese Grand Prix,suzuka,sargeant,SAR,williams,19,1:30.139,,
2024,4,Japanese Grand Prix,suzuka,zhou,ZHO,sauber,20,1:30.143,,
2024,5,Chinese Grand Prix,shanghai,max_verstappen,VER,red_bull,1,1:34.742,1:33.794,1:33.660
2024,5,Chinese Grand Prix,shanghai,perez,PER,red_bull,2,1:35.457,1:34.026,1:33.982
2024,5,Chinese Grand Prix,shanghai,alonso,ALO,aston_martin,3,1:35.116,1:34.652,1:34.148
2024,5,Chinese Grand Prix,shanghai,norris,NOR,mclaren,4,1:34.842,1:34.460,1:34.165
2024,5,Chinese Grand Prix,shanghai,piastri,PIA,mclaren,5,1:35.014,1:34.659,1:34.273
2024,5,Chinese Grand Prix,shanghai,leclerc,LEC,ferrari,6,1:34.797,1:34.399,1:34.289
2024,5,Chinese Grand Prix,shanghai,sainz,SAI,ferrari,7,1:34.970,1:34.368,1:34.297
2024,5,Chinese Grand Prix,shanghai,russell,RUS,mercedes,8,1:35.084,1:34.609,1:34.433
2024,5,Chinese Grand Prix,shanghai,hulkenberg,HUL,haas,9,1:35.068,1:34.667,1:34.604
2024,5,Chinese Grand Prix,shanghai,bottas,BOT,sauber,10,1:35.169,1:34.769,1:34.665
2024,5,Chinese Grand Prix,shanghai,stroll,STR,aston_martin,11,1:35.334,1:34.838,
2024,5,Chinese Grand Prix,shanghai,ricciardo,RIC,rb,12,1:35.443,1:34.934,
2024,5,Chinese Grand Prix,shanghai,ocon,OCO,alpine,13,1:35.356,1:35.223,
2024,5,Chinese Grand Prix,shanghai,albon,ALB,williams,14,1:35.384,1:35.241,
2024,5,Chinese Grand Prix,shanghai,gasly,GAS,alpine,15,1:35.287,1:35.463,
2024,5,Chinese Grand Prix,shanghai,zhou,ZHO,sauber,16,1:35.505,,
2024,5,Chinese Grand Prix,shanghai,kevin_magnussen,MAG,haas,17,1:35.516,,
2024,5,Chinese Grand Prix,shanghai,hamilton,HAM,mercedes,18,1:35.573,,
2024,5,Chinese Grand Prix,shanghai,tsunoda,TSU,rb,19,1:35.746,,
2024,5,Chinese Grand Prix,shanghai,sargeant,SAR,williams,20,1:36.358,,
2024,6,Miami Grand Prix,miami,max_verstappen,VER,red_bull,1,1:27.689,1:27.566,1:27.241
2025,1,Australian Grand Prix,albert_park,norris,NOR,mclaren,1,1:15.912,1:15.415,1:15.096
2025,1,Australian Grand Prix,albert_park,piastri,PIA,mclaren,2,1:16.062,1:15.468,1:15.180
2025,1,Australian Grand Prix,albert_park,max_verstappen,VER,red_bull,3,1:16.018,1:15.565,1:15.481
2025,1,Australian Grand Prix,albert_park,russell,RUS,mercedes,4,1:15.971,1:15.798,1:15.546
2025,1,Australian Grand Prix,albert_park,tsunoda,TSU,rb,5,1:16.225,1:16.009,1:15.670
2025,1,Australian Grand Prix,albert_park,albon,ALB,williams,6,1:16.245,1:16.017,1:15.737
2025,1,Australian Grand Prix,albert_park,leclerc,LEC,ferrari,7,1:16.029,1:15.827,1:15.755
2025,1,Australian Grand Prix,albert_park,hamilton,HAM,ferrari,8,1:16.213,1:15.919,1:15.973
2025,1,Australian Grand Prix,albert_park,gasly,GAS,alpine,9,1:16.328,1:16.112,1:15.980
2025,1,Australian Grand Prix,albert_park,sainz,SAI,williams,10,1:16.360,1:15.931,1:16.062
2025,1,Australian Grand Prix,albert_park,hadjar,HAD,rb,11,1:16.354,1:16.175,
2025,1,Australian Grand Prix,albert_park,alonso,ALO,aston_martin,12,1:16.288,1:16.453,
2025,1,Australian Grand Prix,albert_park,stroll,STR,aston_martin,13,1:16.369,1:16.483,
2025,1,Australian Grand Prix,albert_park,doohan,DOO,alpine,14,1:16.315,1:16.863,
2025,1,Australian Grand Prix,albert_park,bortoleto,BOR,sauber,15,1:16.516,1:17.520,
2025,1,Australian Grand Prix,albert_park,antonelli,ANT,mercedes,16,1:16.525,,
2025,1,Australian Grand Prix,albert_park,hulkenberg,HUL,sauber,17,1:16.579,,
2025,1,Australian Grand Prix,albert_park,lawson,LAW,red_bull,18,1:17.094,,
2025,1,Australian Grand Prix,albert_park,ocon,OCO,haas,19,1:17.147,,
2025,1,Australian Grand Prix,albert_park,bearman,BEA,haas,20,,,
2025,2,Chinese Grand Prix,shanghai,piastri,PIA,mclaren,1,1:31.591,1:31.200,1:30.641
2025,2,Chinese Grand Prix,shanghai,russell,RUS,mercedes,2,1:31.295,1:31.307,1:30.723
2025,2,Chinese Grand Prix,shanghai,norris,NOR,mclaren,3,1:30.983,1:30.787,1:30.793
2025,2,Chinese Grand Prix,shanghai,max_verstappen,VER,red_bull,4,1:31.424,1:31.142,1:30.817
2025,2,Chinese Grand Prix,shanghai,hamilton,HAM,ferrari,5,1:31.690,1:31.501,1:30.927
2025,2,Chinese Grand Prix,shanghai,leclerc,LEC,ferrari,6,1:31.579,1:31.450,1:31.021
2025,2,Chinese Grand Prix,shanghai,hadjar,HAD,rb,7,1:31.162,1:31.253,1:31.079
2025,2,Chinese Grand Prix,shanghai,antonelli,ANT,mercedes,8,1:31.676,1:31.590,1:31.103
2025,2,Chinese Grand Prix,shanghai,tsunoda,TSU,rb,9,1:31.238,1:31.260,1:31.638
2025,2,Chinese Grand Prix,shanghai,albon,ALB,williams,10,1:31.503,1:31.595,1:31.706
2025,2,Chinese Grand Prix,shanghai,ocon,OCO,haas,11,1:31.876,1:31.625,
2025,2,Chinese Grand Prix,shanghai,hulkenberg,HUL,sauber,12,1:31.921,1:31.632,
2025,2,Chinese Grand Prix,shanghai,alonso,ALO,aston_martin,13,1:31.719,1:31.688,
2025,2,Chinese Grand Prix,shanghai,stroll,STR,aston_martin,14,1:31.923,1:31.773,
2025,2,Chinese Grand Prix,shanghai,sainz,SAI,williams,15,1:31.628,1:31.840,
2025,2,Chinese Grand Prix,shanghai,gasly,GAS,alpine,16,1:31.992,,
2025,2,Chinese Grand Prix,shanghai,bearman,BEA,haas,17,1:32.018,,
2025,2,Chinese Grand Prix,shanghai,doohan,DOO,alpine,18,1:32.092,,
2025,2,Chinese Grand Prix,shanghai,bortoleto,BOR,sauber,19,1:32.141,,
2025,2,Chinese Grand Prix,shanghai,lawson,LAW,red_bull,20,1:32.174,,
2025,3,Japanese Grand Prix,suzuka,max_verstappen,VER,red_bull,1,1:27.943,1:27.502,1:26.983
2025,3,Japanese Grand Prix,suzuka,norris,NOR,mclaren,2,1:27.845,1:27.146,1:26.995
2025,3,Japanese Grand Prix,suzuka,piastri,PIA,mclaren,3,1:27.687,1:27.507,1:27.027
2025,3,Japanese Grand Prix,suzuka,leclerc,LEC,ferrari,4,1:27.920,1:27.555,1:27.299
2025,3,Japanese Grand Prix,suzuka,russell,RUS,mercedes,5,1:27.843,1:27.400,1:27.318
2025,3,Japanese Grand Prix,suzuka,antonelli,ANT,mercedes,6,1:27.968,1:27.639,1:27.555
2025,3,Japanese Grand Prix,suzuka,hadjar,HAD,rb,7,1:28.278,1:27.775,1:27.569
2025,3,Japanese Grand Prix,suzuka,hamilton,HAM,ferrari,8,1:27.942,1:27.610,1:27.610
2025,3,Japanese Grand Prix,suzuka,albon,ALB,williams,9,1:28.218,1:27.783,1:27.615
2025,3,Japanese Grand Prix,suzuka,bearman,BEA,haas,10,1:28.228,1:27.711,1:27.867
2025,3,Japanese Grand Prix,suzuka,gasly,GAS,alpine,11,1:28.186,1:27.822,
2025,3,Japanese Grand Prix,suzuka,sainz,SAI,williams,12,1:28.209,1:27.836,
2025,3,Japanese Grand Prix,suzuka,alonso,ALO,aston_martin,13,1:28.337,1:27.897,
2025,3,Japanese Grand Prix,suzuka,lawson,LAW,rb,14,1:28.554,1:27.906,
2025,3,Japanese Grand Prix,suzuka,tsunoda,TSU,red_bull,15,1:27.967,1:28.000,
2025,3,Japanese Grand Prix,suzuka,hulkenberg,HUL,sauber,16,1:28.570,,
2025,3,Japanese Grand Prix,suzuka,bortoleto,BOR,sauber,17,1:28.622,,
2025,3,Japanese Grand Prix,suzuka,ocon,OCO,haas,18,1:28.696,,
2025,3,Japanese Grand Prix,suzuka,doohan,DOO,alpine,19,1:28.877,,
2025,3,Japanese Grand Prix,suzuka,stroll,STR,aston_martin,20,1:29.271,,
2025,4,Bahrain Grand Prix,bahrain,piastri,PIA,mclaren,1,1:31.392,1:30.454,1:29.841
2025,4,Bahrain Grand Prix,bahrain,russell,RUS,mercedes,2,1:31.494,1:30.664,1:30.009
2025,4,Bahrain Grand Prix,bahrain,leclerc,LEC,ferrari,3,1:31.454,1:30.724,1:30.175
2025,4,Bahrain Grand Prix,bahrain,antonelli,ANT,mercedes,4,1:31.415,1:30.716,1:30.213
2025,4,Bahrain Grand Prix,bahrain,gasly,GAS,alpine,5,1:31.462,1:30.643,1:30.216
2025,4,Bahrain Grand Prix,bahrain,norris,NOR,mclaren,6,1:31.107,1:30.560,1:30.267
2025,4,Bahrain Grand Prix,bahrain,max_verstappen,VER,red_bull,7,1:31.303,1:31.019,1:30.423
2025,4,Bahrain Grand Prix,bahrain,sainz,SAI,williams,8,1:31.591,1:30.844,1:30.680
2025,4,Bahrain Grand Prix,bahrain,hamilton,HAM,ferrari,9,1:31.219,1:31.009,1:30.772
2025,4,Bahrain Grand Prix,bahrain,tsunoda,TSU,red_bull,10,1:31.751,1:31.228,1:31.303
2025,4,Bahrain Grand Prix,bahrain,doohan,DOO,alpine,11,1:31.414,1:31.245,
2025,4,Bahrain Grand Prix,bahrain,hadjar,HAD,rb,12,1:31.591,1:31.271,
2025,4,Bahrain Grand Prix,bahrain,alonso,ALO,aston_martin,13,1:31.634,1:31.886,
2025,4,Bahrain Grand Prix,bahrain,ocon,OCO,haas,14,1:31.594,,
2025,4,Bahrain Grand Prix,bahrain,albon,ALB,williams,15,1:32.040,,
2025,4,Bahrain Grand Prix,bahrain,hulkenberg,HUL,sauber,16,1:32.067,,
2025,4,Bahrain Grand Prix,bahrain,lawson,LAW,rb,17,1:32.165,,
2025,4,Bahrain Grand Prix,bahrain,bortoleto,BOR,sauber,18,1:32.186,,
2025,4,Bahrain Grand Prix,bahrain,stroll,STR,aston_martin,19,1:32.283,,
2025,4,Bahrain Grand Prix,bahrain,bearman,BEA,haas,20,1:32.373,,
2025,5,Saudi Arabian Grand Prix,jeddah,max_verstappen,VER,red_bull,1,1:27.778,1:27.529,1:27.294
2025,5,Saudi Arabian Grand Prix,jeddah,piastri,PIA,mclaren,2,1:27.901,1:27.545,1:27.304
2025,5,Saudi Arabian Grand Prix,jeddah,russell,RUS,mercedes,3,1:28.282,1:27.599,1:27.407
2025,5,Saudi Arabian Grand Prix,jeddah,leclerc,LEC,ferrari,4,1:28.552,1:27.866,1:27.670
2025,5,Saudi Arabian Grand Prix,jeddah,antonelli,ANT,mercedes,5,1:28.128,1:27.798,1:27.866
2025,5,Saudi Arabian Grand Prix,jeddah,sainz,SAI,williams,6,1:28.354,1:28.024,1:28.164
2025,5,Saudi Arabian Grand Prix,jeddah,hamilton,HAM,ferrari,7,1:28.372,1:28.102,1:28.201
2025,5,Saudi Arabian Grand Prix,jeddah,tsunoda,TSU,red_bull,8,1:28.226,1:27.990,1:28.204
2025,5,Saudi Arabian Grand Prix,jeddah,gasly,GAS,alpine,9,1:28.421,1:28.025,1:28.367
2025,5,Saudi Arabian Grand Prix,jeddah,norris,NOR,mclaren,10,1:27.805,1:27.481,
2025,5,Saudi Arabian Grand Prix,jeddah,albon,ALB,williams,11,1:28.279,1:28.109,
2025,5,Saudi Arabian Grand Prix,jeddah,lawson,LAW,rb,12,1:28.561,1:28.191,
2025,5,Saudi Arabian Grand Prix,jeddah,alonso,ALO,aston_martin,13,1:28.548,1:28.303,
2025,5,Saudi Arabian Grand Prix,jeddah,hadjar,HAD,rb,14,1:28.571,1:28.418,
2025,5,Saudi Arabian Grand Prix,jeddah,bearman,BEA,haas,15,1:28.536,1:28.648,
2025,5,Saudi Arabian Grand Prix,jeddah,stroll,STR,aston_martin,16,1:28.645,,
2025,5,Saudi Arabian Grand Prix,jeddah,doohan,DOO,alpine,17,1:28.739,,
2025,5,Saudi Arabian Grand Prix,jeddah,hulkenberg,HUL,sauber,18,1:28.782,,
2025,5,Saudi Arabian Grand Prix,jeddah,ocon,OCO,haas,19,1:29.092,,
2025,5,Saudi Arabian Grand Prix,jeddah,bortoleto,BOR,sauber,20,1:29.462,,
2026,1,Australian Grand Prix,albert_park,russell,RUS,mercedes,1,1:19.507,1:18.934,1:18.518
2026,1,Australian Grand Prix,albert_park,antonelli,ANT,mercedes,2,1:20.120,1:19.435,1:18.811
2026,1,Australian Grand Prix,albert_park,hadjar,HAD,red_bull,3,1:20.023,1:19.653,1:19.303
2026,1,Australian Grand Prix,albert_park,leclerc,LEC,ferrari,4,1:20.226,1:19.357,1:19.327
2026,1,Australian Grand Prix,albert_park,piastri,PIA,mclaren,5,1:19.664,1:19.525,1:19.380
2026,1,Australian Grand Prix,albert_park,norris,NOR,mclaren,6,1:20.010,1:19.882,1:19.475
2026,1,Australian Grand Prix,albert_park,hamilton,HAM,ferrari,7,1:19.811,1:19.921,1:19.478
2026,1,Australian Grand Prix,albert_park,lawson,LAW,rb,8,1:20.491,1:20.144,1:19.994
2026,1,Australian Grand Prix,albert_park,arvid_lindblad,LIN,rb,9,1:20.409,1:19.971,1:21.247
2026,1,Australian Grand Prix,albert_park,bortoleto,BOR,audi,10,1:20.495,1:20.221,
2026,1,Australian Grand Prix,albert_park,hulkenberg,HUL,audi,11,1:21.024,1:20.303,
2026,1,Australian Grand Prix,albert_park,bearman,BEA,haas,12,1:21.247,1:20.311,
2026,1,Australian Grand Prix,albert_park,ocon,OCO,haas,13,1:20.759,1:20.491,
2026,1,Australian Grand Prix,albert_park,gasly,GAS,alpine,14,1:21.138,1:20.501,
2026,1,Australian Grand Prix,albert_park,albon,ALB,williams,15,1:21.051,1:20.941,
2026,1,Australian Grand Prix,albert_park,colapinto,COL,alpine,16,1:21.200,1:21.270,
2026,1,Australian Grand Prix,albert_park,alonso,ALO,aston_martin,17,1:21.969,,
2026,1,Australian Grand Prix,albert_park,perez,PER,cadillac,18,1:22.605,,
2026,1,Australian Grand Prix,albert_park,bottas,BOT,cadillac,19,1:23.244,,
2026,2,Chinese Grand Prix,shanghai,antonelli,ANT,mercedes,1,1:33.305,1:32.443,1:32.064
2026,2,Chinese Grand Prix,shanghai,russell,RUS,mercedes,2,1:33.262,1:32.523,1:32.286
2026,2,Chinese Grand Prix,shanghai,hamilton,HAM,ferrari,3,1:33.522,1:32.567,1:32.415
2026,2,Chinese Grand Prix,shanghai,leclerc,LEC,ferrari,4,1:33.175,1:32.486,1:32.428
2026,2,Chinese Grand Prix,shanghai,piastri,PIA,mclaren,5,1:33.590,1:33.130,1:32.550
2026,2,Chinese Grand Prix,shanghai,norris,NOR,mclaren,6,1:33.535,1:32.910,1:32.608
2026,2,Chinese Grand Prix,shanghai,gasly,GAS,alpine,7,1:33.788,1:33.003,1:32.873
2026,2,Chinese Grand Prix,shanghai,max_verstappen,VER,red_bull,8,1:33.417,1:33.098,1:33.002
2026,2,Chinese Grand Prix,shanghai,hadjar,HAD,red_bull,9,1:33.632,1:33.352,1:33.121
2026,2,Chinese Grand Prix,shanghai,bearman,BEA,haas,10,1:33.687,1:33.197,1:33.292
2026,2,Chinese Grand Prix,shanghai,hulkenberg,HUL,audi,11,1:34.116,1:33.354,
2026,2,Chinese Grand Prix,shanghai,colapinto,COL,alpine,12,1:33.634,1:33.357,
2026,2,Chinese Grand Prix,shanghai,ocon,OCO,haas,13,1:33.974,1:33.538,
2026,2,Chinese Grand Prix,shanghai,lawson,LAW,rb,14,1:34.139,1:33.765,
2026,2,Chinese Grand Prix,shanghai,arvid_lindblad,LIN,rb,15,1:33.906,1:33.784,
2026,2,Chinese Grand Prix,shanghai,bortoleto,BOR,audi,16,1:33.549,1:33.965,
2026,2,Chinese Grand Prix,shanghai,sainz,SAI,williams,17,1:34.317,,
2026,2,Chinese Grand Prix,shanghai,albon,ALB,williams,18,1:34.772,,
2026,2,Chinese Grand Prix,shanghai,alonso,ALO,aston_martin,19,1:35.203,,
2026,2,Chinese Grand Prix,shanghai,bottas,BOT,cadillac,20,1:35.436,,
2026,2,Chinese Grand Prix,shanghai,stroll,STR,aston_martin,21,1:35.995,,
2026,2,Chinese Grand Prix,shanghai,perez,PER,cadillac,22,1:36.906,,
